"","id_x","Retain","alexa_rank","average_product_price","common_crawl_pagerank","platform_rank","product_images","product_images_created_30","product_images_created_365","product_images_created_90","product_variants","products_sold","rank","vendor_count","age","combined_followers","facebook_followers","facebook_followers_90d","instagram_followers","instagram_followers_90d","instagram_posts","estimated_monthly_sales","monthly_app_spend","installed_apps_count","category_firstcat_Apparel","category_firstcat_ArtsEntertainment","category_firstcat_AutosVehicles","category_firstcat_BeautyFitness","category_firstcat_BooksLiterature","category_firstcat_BusinessIndustrial","category_firstcat_Computers","category_firstcat_ConsumerElectronics","category_firstcat_FoodDrink","category_firstcat_Games","category_firstcat_GiftsSpecialEvents","category_firstcat_Health","category_firstcat_HomeGarden","category_firstcat_Internet","category_firstcat_JobsEducation","category_firstcat_Missing_category","category_firstcat_PeopleSociety","category_firstcat_PetsAnimals","category_firstcat_SafetySurvival","category_firstcat_Sports","category_firstcat_ToysHobbies","category_firstcat_Travel","cityAmritsar","cityBengaluru","cityChandigarh","cityDelhi","cityGurugram","cityKolkata","cityMissing_city","cityMumbai","facebook_categoriesfb_ArtsCraftsStore","facebook_categoriesfb_ClothingBrand","facebook_categoriesfb_DesignFashion","facebook_categoriesfb_EcommerceWebsite","facebook_categoriesfb_FruitVegetableStore","facebook_categoriesfb_HealthBeauty","facebook_categoriesfb_IndustrialCompany","facebook_categoriesfb_JewelryWatches","facebook_categoriesfb_Missing_fb_cat","facebook_categoriesfb_ProductService","facebook_categoriesfb_RetailCompany","facebook_categoriesfb_ShoppingRetail","facebook_categoriesfb_SportingGoodsStore","facebook_categoriesfb_SportsFitnessInstruction","facebook_categoriesfb_ToyStore","facebook_categoriesfb_TrophiesEngravingShop","facebook_categoriesfb_VintageStore","facebook_categoriesfb_Website","instagram_categoriesinsta_ContentApps","instagram_categoriesinsta_CreatorsCelebrities","instagram_categoriesinsta_FoodPersonalGoods","instagram_categoriesinsta_GroceryConvenienceStores","instagram_categoriesinsta_HomeGoodsStores","instagram_categoriesinsta_HomeServices","instagram_categoriesinsta_LifestyleServices","instagram_categoriesinsta_Missing_insta_cat","instagram_categoriesinsta_NonProfitsReligiousOrganizations","instagram_categoriesinsta_PersonalGoodsGeneralMerchandiseStores","instagram_categoriesinsta_Publishers","Contact_Page","International_Shipping","Missing_features","Returns_Page","Tracking_or_Returns","Tracking_Page","Shopify_POS","Financing_Page","Wholesale_Retailers_Page","Storefront_API","Store_Locator_Page","Brands_Page"
"1",1,0,2122361,2.23,7144943,53003,3431,87,3431,167,372,372,233645,1,698,3101,1470,1065,852,41,96,91801.73,16.99,13,0,0,0,0,0,0,0,0,0,1,0,0,0,0,0,0,0,0,0,0,0,0,1,0,0,0,0,0,0,0,0,0,0,0,0,0,0,0,1,0,0,0,0,0,0,0,0,0,1,0,0,0,0,0,0,0,0,0,0,1,1,0,0,0,0,0,0,0,0,0,0
"2",2,1,0,2712.25,0,1217631,85,0,85,0,136,23,7293463,1,138,130314.75437957,217404.892219817,5523.20224309421,42090.1253732291,7403.79809477878,1177.94592712112,100,33.9914076604555,0,1,0,0,0,0,0,0,0,0,0,0,0,0,0,0,0,0,0,0,0,0,0,0,0,0,0,0,0,1,0,0,0,0,0,0,0,0,0,1,0,0,0,0,0,0,0,0,0,0,0,0,0,0,0,0,1,0,0,0,0,0,1,0,0,0,0,0,0,0,0,0
"3",3,0,0,1399,0,1639956,26,0,26,26,6,6,9532213,1,61,130314.75437957,217404.892219817,5523.20224309421,42090.1253732291,7403.79809477878,1177.94592712112,100,33.8002538143016,0,0,0,0,0,0,0,0,1,0,0,0,0,0,0,0,0,0,0,0,0,0,0,0,0,0,0,0,0,1,0,0,0,0,0,0,0,0,0,1,0,0,0,0,0,0,0,0,0,0,0,0,0,0,0,0,1,0,0,0,1,0,0,0,0,0,0,0,0,0,0,0
"4",4,0,0,299,0,1078905,0,0,0,0,1,1,6565425,1,411,163,109,1,47,1,8,100,39.0240468698572,1,0,0,1,0,0,0,0,0,0,0,0,0,0,0,0,0,0,0,0,0,0,0,0,0,0,0,0,0,1,0,0,0,0,0,0,0,0,0,0,0,0,1,0,0,0,0,0,0,0,0,0,0,0,0,0,0,0,1,0,1,0,0,1,1,0,0,0,0,0,0,0
"5",5,1,225666,518.33,124733774,431094,41,0,41,0,9,9,2041450,1,124,130314.75437957,217404.892219817,5523.20224309421,42090.1253732291,7403.79809477878,1177.94592712112,51048.75,32.3873242508096,1,0,0,0,0,0,0,0,0,1,0,0,0,0,0,0,0,0,0,0,0,0,0,0,0,0,0,0,0,1,0,0,0,0,0,0,0,0,0,1,0,0,0,0,0,0,0,0,0,0,0,0,0,0,0,0,1,0,0,0,0,0,1,0,0,0,0,0,0,0,0,0
"6",6,0,0,740.82,0,617899,17755,16,16284,1173,31238,9621,2645196,15,397,32753.2544572037,22443.2418064182,1694.34106976897,9661.0332400419,2754.63388853285,747.981214779373,100,42.4351334401709,3,1,0,0,0,0,0,0,0,0,0,0,0,0,0,0,0,0,0,0,0,0,0,0,0,0,0,0,0,1,0,0,0,0,0,0,0,0,0,1,0,0,0,0,0,0,0,0,0,0,0,0,0,0,0,0,1,0,0,0,1,0,0,1,1,1,0,0,0,0,0,0
"7",7,0,117343,3256.43,0,493242,507,58,507,345,129,48,2390328,2,173,5510,3849,396,1661,2249.72402765299,108,143485.22,4.98,6,1,0,0,0,0,0,0,0,0,0,0,0,0,0,0,0,0,0,0,0,0,0,0,0,0,0,0,0,1,0,0,0,0,0,0,0,0,0,1,0,0,0,0,0,0,0,0,0,0,0,0,0,0,0,0,0,0,1,0,1,0,0,0,0,0,0,0,0,0,0,0
"8",9,0,3970000,149.01,0,632920,95784,8,95223,426,95719,95719,2680273,11,1069,32753.2544572037,22443.2418064182,1694.34106976897,13732.777727486,2520.60075361222,982.452274107472,100,51.7091532059315,3,0,0,0,0,0,0,0,1,0,0,0,0,0,0,0,0,0,0,0,0,0,0,0,0,0,0,0,0,1,0,0,0,0,0,0,0,0,0,1,0,0,0,0,0,0,0,0,0,0,0,0,0,0,0,0,1,0,0,0,1,0,0,0,0,0,0,0,0,0,0,0
"9",10,0,0,1096.49,70821558,230311,426,1,29,1,587,401,1090954,2,558,630,630,15,6097.70783829332,423.481985805948,346.595433207144,37006.86,20.160721850342,2,0,0,0,0,0,0,0,0,0,0,0,0,0,0,0,1,0,0,0,0,0,0,0,0,0,1,0,0,0,0,0,0,0,0,0,0,0,0,0,0,0,0,0,0,0,1,0,0,0,0,0,0,0,0,0,1,0,0,0,0,0,1,0,0,0,0,0,0,0,0,0
"10",11,0,0,7750,0,557447,8,0,8,1,3,1,2518881,1,236,578,8121.3904069637,227.113014160915,576,13,63,100,31.6412157190635,4,0,0,0,1,0,0,0,0,0,0,0,0,0,0,0,0,0,0,0,0,0,0,0,0,0,0,0,0,1,0,0,0,0,0,0,0,0,0,1,0,0,0,0,0,0,0,0,0,0,0,0,0,0,0,0,0,0,1,0,1,0,0,0,0,0,0,0,0,0,0,0
"11",12,1,2568303,1236.41,158257798,302495,872,0,84,0,1728,330,1477875,2,1482,13917,13827,1442.71227902272,33212.9112279037,8584.7805327025,1142.67545454545,768399.11,9.99,4,1,0,0,0,0,0,0,0,0,0,0,0,0,0,0,0,0,0,0,0,0,0,0,0,0,0,0,0,0,1,0,1,0,0,0,0,0,0,0,0,0,0,0,0,0,0,0,0,0,0,0,0,0,0,0,1,0,0,0,1,0,0,1,1,0,1,0,0,0,0,0
"12",13,1,5025237,3391.98,80383104,180028,501,0,197,0,242,112,819670,1,817,15112,538,3,14574,515,476,72671.87,32.4776861456957,2,1,0,0,0,0,0,0,0,0,0,0,0,0,0,0,0,0,0,0,0,0,0,0,0,0,0,0,0,1,0,0,0,0,0,0,0,0,0,1,0,0,0,0,0,0,0,0,0,0,0,0,0,0,0,0,0,0,1,0,1,0,0,1,1,0,0,0,0,0,0,0
"13",14,1,0,11656.46,80982415,184958,14721,0,12896,481,16735,4527,846769,81,600,7079,818,700,6261,161,964,49203.76,26.8214066753422,4,1,0,0,0,0,0,0,0,0,0,0,0,0,0,0,0,0,0,0,0,0,0,0,0,0,0,0,0,1,0,0,0,0,0,0,0,0,0,1,0,0,0,0,0,0,0,0,0,0,0,0,0,0,0,0,0,0,1,0,1,1,0,0,1,1,0,0,0,0,0,0
"14",16,0,0,634.41,0,1145471,38,0,0,0,24,21,6910894,2,2259,130314.75437957,217404.892219817,5523.20224309421,42090.1253732291,7403.79809477878,1320.20217712112,100,34.0710980603334,0,0,0,0,0,0,0,1,0,0,0,0,0,0,0,0,0,0,0,0,0,0,0,0,0,0,0,0,0,1,0,0,0,0,0,0,0,0,0,1,0,0,0,0,0,0,0,0,0,0,0,0,0,0,0,0,1,0,0,0,0,0,1,0,0,0,0,0,0,0,0,0
"15",17,0,0,847,0,1266788,1,1,1,1,1,1,7552861,1,103,130314.75437957,217404.892219817,5523.20224309421,42090.1253732291,7403.79809477878,1248.69735569255,100,34.3749284174762,1,0,0,0,0,0,0,0,0,0,0,0,0,0,0,0,0,1,0,0,0,0,0,0,0,0,0,0,0,1,0,0,0,0,0,0,0,0,0,1,0,0,0,0,0,0,0,0,0,0,0,0,0,0,0,0,1,0,0,0,0,0,1,0,0,0,0,0,0,0,0,0
"16",18,0,0,1143.58,0,595005,146,0,62,11,39,18,2591374,1,551,130314.75437957,217404.892219817,5523.20224309421,42090.1253732291,7403.79809477878,1177.94592712112,100,16.98,4,0,0,0,1,0,0,0,0,0,0,0,0,0,0,0,0,0,0,0,0,0,0,0,0,0,0,0,0,1,0,0,0,0,0,0,0,0,0,1,0,0,0,0,0,0,0,0,0,0,0,0,0,0,0,0,1,0,0,0,1,0,0,0,1,1,0,0,0,0,0,0
"17",19,0,0,409.5,20757159,198115,13,0,0,0,10,3,919196,2,985,1109,671,3,438,4,25,42984.39,32.8093867821379,0,0,0,0,0,0,0,0,0,0,0,0,0,0,0,0,0,0,0,0,0,0,1,0,0,0,0,0,0,1,0,0,0,0,0,0,0,0,0,1,0,0,0,0,0,0,0,0,0,0,0,0,0,0,1,0,0,0,0,0,1,0,0,0,0,0,1,0,0,0,0,0
"18",20,0,2425773,2247.05,49069350,300523,56,0,56,0,17,6,1467346,1,257,134,81,227.113014160915,44,3,26,72671.87,24.6733704809683,7,0,0,0,0,0,0,0,0,0,0,0,0,0,0,0,1,0,0,0,0,0,0,0,0,0,0,0,0,1,0,0,0,0,0,0,0,0,0,1,0,0,0,0,0,0,0,0,0,0,0,0,0,0,0,0,0,0,1,0,1,0,0,0,0,0,0,0,0,0,0,0
"19",22,0,3852964,1712.51,733452389,367427,127,3,39,14,253,66,1838639,1,523,1097,102,227.113014160915,982,274,87,37563.37,32.3900790028386,4,0,0,0,0,0,0,0,0,0,0,0,0,1,0,0,0,0,0,0,0,0,0,0,0,0,0,0,0,1,0,0,0,0,0,0,0,0,0,1,0,0,0,0,0,0,0,0,0,0,0,0,0,0,0,0,0,0,1,0,1,0,0,1,1,1,0,1,0,0,0,0
"20",23,0,0,10803.21,660420487,362489,269,0,269,15,1117,84,1814236,1,222,17435.6017340673,8121.3904069637,227.113014160915,8585.50170409419,974.477541361504,449.170046233007,4813.84,4.99,3,1,0,0,0,0,0,0,0,0,0,0,0,0,0,0,0,0,0,0,0,0,0,0,0,0,0,0,0,1,0,0,0,0,0,0,0,0,0,1,0,0,0,0,0,0,0,0,0,0,0,0,0,0,0,0,1,0,0,0,0,0,1,0,0,0,0,0,0,0,0,0
"21",24,0,0,872.33,0,1331792,12,0,12,11,3,3,7897651,1,131,130314.75437957,217404.892219817,5523.20224309421,42090.1253732291,7403.79809477878,1177.94592712112,100,33.8002538143016,0,0,0,0,0,0,0,0,0,0,0,0,0,0,0,0,1,0,0,0,0,0,0,0,0,0,0,0,0,1,0,0,0,0,0,0,0,0,0,1,0,0,0,0,0,0,0,0,0,0,0,0,0,0,0,0,1,0,0,0,1,0,0,0,0,0,0,0,0,0,0,0
"22",25,0,0,5315.67,0,1535301,887,0,885,138,253,230,8977059,1,915,17435.6017340673,8121.3904069637,227.113014160915,8585.50170409419,423.481985805948,676.097239887306,100,7.9,6,0,0,0,0,0,0,0,0,0,0,0,0,0,0,0,1,0,0,0,0,0,0,0,0,0,0,0,0,1,0,0,0,0,0,0,0,0,0,1,0,0,0,0,0,0,0,0,0,0,0,0,0,0,0,0,1,0,0,0,1,1,0,1,1,1,0,0,0,0,0,0
"23",27,1,1758928,14825.42,53461823,139906,561,0,37,0,407,407,598313,2,915,1456,517,23,939,37,744,106212.74,31.5510944693896,2,1,0,0,0,0,0,0,0,0,0,0,0,0,0,0,0,0,0,0,0,0,0,0,0,0,0,0,0,1,0,0,0,0,0,0,0,0,1,0,0,0,0,0,0,0,0,0,0,0,0,0,0,0,0,0,0,0,1,0,1,1,0,1,1,1,0,0,0,0,0,0
"24",28,0,0,450.55,692782097,382271,3898,10,702,97,1092,1052,1879694,90,1307,17435.6017340673,8121.3904069637,227.113014160915,8585.50170409419,423.481985805948,746.848668458734,6931.84,9.9,6,0,0,0,0,0,0,0,1,0,0,0,0,0,0,0,0,0,0,0,0,0,0,0,0,0,0,0,0,1,0,0,0,0,0,0,0,0,0,1,0,0,0,0,0,0,0,0,0,0,0,0,0,0,0,0,1,0,0,0,1,0,0,1,1,0,1,0,0,0,0,0
"25",29,0,0,1099,0,1456160,650,650,650,650,650,650,8559243,1,26,17435.6017340673,8121.3904069637,1097.26624545343,8585.50170409419,1259.1550413615,631.615224804435,100,28.7867650834247,0,1,0,0,0,0,0,0,0,0,0,0,0,0,0,0,0,0,0,0,0,0,0,0,0,0,0,0,0,1,0,0,0,0,0,0,0,0,0,1,0,0,0,0,0,0,0,0,0,0,0,0,0,0,0,0,1,0,0,0,1,0,0,1,1,0,0,0,0,0,0,0
"26",30,0,0,321.68,52347423,184964,2909,143,2232,568,2215,2215,846813,7,558,80347,57058,3871,2489,95,603,41757.22,44.2444327380952,8,0,0,0,0,0,0,0,0,0,0,0,0,0,0,0,0,0,0,0,0,1,0,0,1,0,0,0,0,0,0,1,0,0,0,0,0,0,0,0,0,0,0,0,0,0,0,0,0,0,0,0,0,0,0,0,0,0,1,0,1,0,0,0,0,0,0,0,0,0,0,0
"27",31,1,3276452,1827.4,102363978,172180,658,0,94,3,681,154,776483,1,1244,2289,343,227.113014160915,1946,423.481985805948,252,89442.31,28.7667462960717,3,1,0,0,0,0,0,0,0,0,0,0,0,0,0,0,0,0,0,0,0,0,0,0,0,0,0,0,0,1,0,0,1,0,0,0,0,0,0,0,0,0,0,0,0,0,0,0,0,0,0,1,0,0,0,0,0,0,0,0,1,0,0,0,1,1,0,0,0,0,0,0
"28",32,1,1282082,1933.48,50055361,127245,951,0,632,239,196,35,522026,1,432,25742,10056,13,15656,930,421,128573.32,67.99,6,0,0,0,1,0,0,0,0,0,0,0,0,0,0,0,0,0,0,0,0,0,0,0,0,0,0,0,0,0,1,0,0,0,0,0,1,0,0,0,0,0,0,0,0,0,0,0,0,0,0,0,0,0,0,1,0,0,0,0,1,0,0,1,1,0,0,0,0,0,0,0
"29",33,0,0,99.98,0,1599284,0,0,0,0,2,2,9315739,1,1524,130314.75437957,217404.892219817,5523.20224309421,45869.1769605307,7403.79809477878,1320.20217712112,100,41.055151631762,0,1,0,0,0,0,0,0,0,0,0,0,0,0,0,0,0,0,0,0,0,0,0,0,0,0,0,0,0,1,0,0,0,0,0,0,0,0,0,1,0,0,0,0,0,0,0,0,0,0,0,0,0,0,0,0,1,0,0,0,1,0,0,0,0,0,0,0,0,0,0,0
"30",34,0,0,3350.06,0,1409630,1271,5,1271,1230,1130,879,8312821,2,124,17435.6017340673,8121.3904069637,227.113014160915,9661.0332400419,1712.76615885831,570.721474804436,100,23.7057107901689,3,0,0,0,0,0,0,0,0,0,0,0,1,0,0,0,0,0,0,0,0,0,0,0,0,0,0,0,0,1,0,0,0,0,0,0,0,0,0,1,0,0,0,0,0,0,0,0,0,0,0,0,0,0,0,0,1,0,0,0,0,0,1,0,0,0,0,0,0,0,0,0
"31",35,0,0,0.13,0,633445,7613,0,7613,0,7629,7629,2681574,1,768,17435.6017340673,8121.3904069637,669.801967204868,13732.777727486,2312.47437998584,787.584061910312,100,57.8968073412698,6,1,0,0,0,0,0,0,0,0,0,0,0,0,0,0,0,0,0,0,0,0,0,0,0,0,0,0,0,1,0,0,0,0,0,0,0,0,0,1,0,0,0,0,0,0,0,0,0,0,0,0,0,0,0,0,1,0,0,0,1,0,0,0,0,0,0,0,1,0,0,0
"32",36,1,2033602,1775,0,560693,66,0,66,66,25,11,2525388,5,75,130314.75437957,217404.892219817,5523.20224309421,42090.1253732291,7403.79809477878,1177.94592712112,33382.44,26.1392478619207,0,0,0,0,0,0,0,0,0,0,0,0,0,1,0,0,0,0,0,0,0,0,0,0,0,0,0,0,0,1,0,0,0,0,0,0,0,0,0,1,0,0,0,0,0,0,0,0,0,0,0,0,0,0,0,0,1,0,0,0,1,0,0,0,0,0,0,0,0,0,0,0
"33",37,0,0,66.23,0,1169016,2,0,0,0,4,2,7035509,2,1496,130314.75437957,217404.892219817,5523.20224309421,45869.1769605307,7403.79809477878,1320.20217712112,100,41.055151631762,1,0,0,0,0,0,0,0,0,0,0,0,0,0,0,0,0,1,0,0,0,0,0,0,0,0,0,0,0,1,0,0,0,0,0,0,0,0,0,1,0,0,0,0,0,0,0,0,0,0,0,0,0,0,0,0,1,0,0,0,0,0,1,0,0,0,0,0,0,0,0,0
"34",38,0,5609415,843.24,0,564482,128,0,128,0,493,120,2532299,3,215,835,483,227.113014160915,352,974.477541361504,30,100,29.6963146865993,3,1,0,0,0,0,0,0,0,0,0,0,0,0,0,0,0,0,0,0,0,0,0,0,0,0,0,0,0,1,0,0,0,0,0,0,0,0,0,1,0,0,0,0,0,0,0,0,0,0,0,0,0,0,0,0,0,0,1,0,1,0,0,0,1,1,0,0,0,0,0,0
"35",39,0,0,0.52,0,1557545,3774,0,3691,0,4043,244,9094741,1,362,17435.6017340673,8121.3904069637,227.113014160915,8585.50170409419,2170.27001490648,568.791474804435,100,9.9,5,0,0,0,0,0,0,0,0,0,0,0,0,1,0,0,0,0,0,0,0,0,0,0,0,0,0,0,0,1,0,0,0,0,0,0,0,0,0,1,0,0,0,0,0,0,0,0,0,0,0,0,0,0,0,0,1,0,0,0,1,0,0,1,1,1,0,0,0,0,0,0
"36",40,0,0,746.22,0,564455,65,0,35,0,36,10,2532243,1,579,583,324,227.113014160915,259,1,37,100,6.99,13,1,0,0,0,0,0,0,0,0,0,0,0,0,0,0,0,0,0,0,0,0,0,0,0,0,0,0,0,1,0,0,0,0,0,0,0,0,0,1,0,0,0,0,0,0,0,0,0,0,0,0,0,0,0,0,0,0,1,0,1,0,0,0,0,0,1,0,0,0,0,0
"37",41,0,0,1337.81,0,968557,469,0,469,16,1244,166,6072017,1,243,4703,23,4,4680,1309,92,119.17,28.8424670926899,5,0,1,0,0,0,0,0,0,0,0,0,0,0,0,0,0,0,0,0,0,0,0,0,0,0,0,0,0,1,0,0,0,0,0,0,0,0,0,1,0,0,0,0,0,0,0,0,0,0,0,0,0,0,0,0,0,0,1,0,1,0,0,1,1,0,0,0,0,0,0,0
"38",42,1,0,16301.77,0,575259,159,0,159,99,200,42,2551347,2,1139,505,505,19,6097.70783829332,423.481985805948,390.534387323203,119.17,31.966421312232,1,1,0,0,0,0,0,0,0,0,0,0,0,0,0,0,0,0,0,0,0,0,0,0,0,0,0,0,0,1,0,0,0,0,0,0,0,0,0,1,0,0,0,0,0,0,0,0,0,0,0,0,0,0,0,0,1,0,0,0,1,0,0,1,1,1,1,0,0,0,0,0
"39",43,0,5777142,787.46,756975228,478066,157,3,157,17,147,78,2247953,1,1657,1288,963,1,325,13,214,25889.72,34.3737738754368,0,0,0,0,0,0,0,0,0,0,0,0,0,1,0,0,0,0,0,0,0,0,0,0,0,0,0,0,0,1,0,0,0,0,0,0,0,0,0,1,0,0,0,0,0,0,0,0,0,0,0,0,0,0,0,0,0,0,1,0,1,0,0,0,0,0,0,0,0,0,0,0
"40",44,0,0,382.6,0,686514,2048,543,1574,1276,971,637,2933717,1,446,17435.6017340673,8121.3904069637,1097.26624545343,14808.3092634337,1538.62211123926,801.05722041847,100,51.4339661922015,1,0,0,0,0,0,0,0,0,0,0,1,0,0,0,0,0,0,0,0,0,0,0,0,0,0,0,0,0,1,0,0,0,0,0,0,0,0,0,1,0,0,0,0,0,0,0,0,0,0,0,0,0,0,0,0,1,0,0,0,1,0,0,1,1,1,0,0,0,0,0,0
"41",45,0,0,299,97177802,38960,71557,0,0,0,66613,66613,184144,1,1307,1409,1405,3,11244.9838616851,1791.12041173187,465.020101608917,28277.1,43.5816659252297,4,0,0,0,0,0,0,0,1,0,0,0,0,0,0,0,0,0,0,0,0,0,0,0,0,0,0,1,0,0,0,0,0,0,0,0,0,0,0,0,1,0,0,0,0,0,0,0,0,0,0,0,0,0,0,0,1,0,0,0,1,0,0,1,1,0,0,0,0,0,0,0
"42",46,0,0,608.58,0,1054598,129,0,40,0,331,51,6449356,3,439,480,8121.3904069637,227.113014160915,474,423.481985805948,18,100,19,10,1,0,0,0,0,0,0,0,0,0,0,0,0,0,0,0,0,0,0,0,0,0,0,0,0,0,0,0,1,0,0,0,0,0,0,0,0,0,1,0,0,0,0,0,0,0,0,0,0,0,0,0,0,0,0,0,0,1,0,1,1,0,0,1,1,0,0,0,0,0,0
"43",47,0,6220081,636.5,0,603072,20,0,20,12,8,8,2610166,2,103,130314.75437957,217404.892219817,5523.20224309421,42090.1253732291,7403.79809477878,1177.94592712112,100,38.122901631762,0,0,0,0,0,0,0,0,0,0,0,0,0,1,0,0,0,0,0,0,0,0,0,0,0,0,0,0,0,1,0,0,0,0,0,0,0,0,0,1,0,0,0,0,0,0,0,0,0,0,0,0,0,0,0,0,1,0,0,0,1,0,0,1,0,0,0,0,0,0,0,0
"44",48,0,0,2476.04,0,1437700,250,0,221,0,71,71,8461411,2,502,17435.6017340673,8121.3904069637,227.113014160915,8585.50170409419,423.481985805948,485.422571485532,100,27.9322335762064,0,0,0,0,0,0,0,0,0,0,0,0,0,1,0,0,0,0,0,0,0,0,0,0,0,0,0,0,0,1,0,0,0,0,0,0,0,0,0,1,0,0,0,0,0,0,0,0,0,0,0,0,0,0,0,0,1,0,0,0,1,0,0,0,0,0,0,0,0,0,0,0
"45",49,1,0,0.25,0,1077399,1507,0,0,0,2900,149,6557519,1,628,262,106,86,152,570.949842948805,7,100,47.9519882936508,4,1,0,0,0,0,0,0,0,0,0,0,0,0,0,0,0,0,0,0,0,0,0,0,0,0,0,0,0,1,0,0,1,0,0,0,0,0,0,0,0,0,0,0,0,0,0,0,0,0,0,0,0,0,0,0,0,0,1,0,1,1,0,1,1,1,0,0,0,0,0,0
"46",51,0,1954480,875,0,652590,25,0,25,5,4,4,2871300,1,152,4,8121.3904069637,227.113014160915,6097.70783829332,974.477541361504,295.243345295056,39408.23,19.5837323857302,0,0,0,0,0,0,0,0,0,0,0,0,1,0,0,0,0,0,0,0,0,0,0,0,0,0,0,0,0,0,1,0,0,0,0,0,0,0,0,1,0,0,0,0,0,0,0,0,0,0,0,0,0,0,0,0,1,0,0,0,0,0,1,0,0,0,0,0,0,0,0,0
"47",52,1,2635061,1037.89,40173902,218645,2800,304,1147,304,2277,541,1028788,1,558,44250,25812,251,18438,713,364,46559.57,17.3838865288221,4,1,0,0,0,0,0,0,0,0,0,0,0,0,0,0,0,0,0,0,0,0,0,0,0,0,0,0,0,1,0,0,1,0,0,0,0,0,0,0,0,0,0,0,0,0,0,0,0,0,0,0,0,0,0,0,0,0,1,0,1,0,0,0,0,0,0,0,0,0,0,0
"48",53,0,0,872.33,752252170,458077,25,0,0,0,33,30,2198704,2,460,130314.75437957,217404.892219817,5523.20224309421,42090.1253732291,7403.79809477878,1177.94592712112,15126.71,26.1392478619207,0,0,0,0,0,0,0,0,0,0,0,0,0,0,0,0,1,0,0,0,0,0,0,0,0,0,0,0,0,1,0,0,0,0,0,0,0,0,0,1,0,0,0,0,0,0,0,0,0,0,0,0,0,0,0,0,1,0,0,0,1,0,0,0,1,1,1,0,0,0,0,0
"49",55,0,522494,1779.86,0,493944,730,0,730,730,214,214,2391691,1,82,34,8121.3904069637,227.113014160915,34,974.477541361504,124,91343.26,25.0210369860319,6,1,0,0,0,0,0,0,0,0,0,0,0,0,0,0,0,0,0,0,0,0,0,0,0,0,0,0,0,1,0,0,0,0,0,0,0,0,0,1,0,0,0,0,0,0,0,0,0,0,0,0,0,0,0,0,1,0,0,0,1,0,0,1,1,1,0,0,0,0,0,0
"50",56,0,793584,0.31,755652305,471470,1147,40,395,157,1933,253,2232144,1,1531,18903,8121.3904069637,227.113014160915,18903,704,59,16889.24,9.99,12,1,0,0,0,0,0,0,0,0,0,0,0,0,0,0,0,0,0,0,0,0,0,0,0,0,0,0,0,1,0,0,0,0,0,0,0,0,0,1,0,0,0,0,0,0,0,0,0,0,0,0,0,0,0,0,0,0,1,0,1,1,0,0,0,0,0,0,0,0,0,0
"51",58,0,0,1795.58,0,1179792,12,0,12,12,12,12,7092713,1,103,130314.75437957,217404.892219817,5523.20224309421,42090.1253732291,7403.79809477878,1177.94592712112,100,33.8002538143016,0,0,0,0,0,0,0,0,0,0,0,0,0,0,0,0,1,0,0,0,0,0,0,0,0,0,0,0,0,1,0,0,0,0,0,0,0,0,0,1,0,0,0,0,0,0,0,0,0,0,0,0,0,0,0,0,1,0,0,0,1,0,0,1,1,1,0,0,0,0,0,0
"52",59,0,0,413.27,0,565600,5,0,0,0,51,51,2534197,1,1839,1317,1296,227.113014160915,5,423.481985805948,324.635678531994,119.17,39.5076784488046,3,0,0,0,1,0,0,0,0,0,0,0,0,0,0,0,0,0,0,0,0,0,0,0,0,0,0,0,0,1,0,0,0,0,0,0,1,0,0,0,0,0,0,0,0,0,0,0,0,0,0,0,0,0,0,0,1,0,0,0,1,0,0,0,1,1,1,0,0,0,0,0
"53",60,0,0,236.7,0,1144783,66,0,28,0,15,15,6907459,2,509,130314.75437957,217404.892219817,5523.20224309421,45869.1769605307,7403.79809477878,1177.94592712112,100,45.1069552031905,1,0,0,0,0,0,0,0,0,0,0,0,1,0,0,0,0,0,0,0,0,0,0,0,0,0,0,0,0,1,0,0,0,0,0,0,0,0,0,1,0,0,0,0,0,0,0,0,0,0,0,0,0,0,0,0,1,0,0,0,1,0,0,0,0,0,0,0,0,0,0,0
"54",62,0,0,75,0,906903,3,0,0,0,6,3,5772055,1,621,18987,4062,271,14040,1089,1834,100,10,11,0,0,0,0,0,0,0,0,1,0,0,0,0,0,0,0,0,0,0,0,0,0,0,0,0,0,0,0,1,0,0,0,0,0,0,0,0,0,0,0,0,0,0,0,0,0,1,0,0,0,0,0,0,0,0,0,0,1,0,0,0,1,0,0,0,0,0,0,0,0,0
"55",63,0,0,100,0,1206629,1,0,0,0,1,1,7234896,1,1629,130314.75437957,217404.892219817,5523.20224309421,45869.1769605307,7403.79809477878,1320.20217712112,100,41.055151631762,0,1,0,0,0,0,0,0,0,0,0,0,0,0,0,0,0,0,0,0,0,0,0,0,0,0,0,0,0,1,0,0,0,0,0,0,0,0,0,1,0,0,0,0,0,0,0,0,0,0,0,0,0,0,0,0,1,0,0,0,0,0,1,0,0,0,0,0,0,0,0,0
"56",64,0,6201874,1083.92,0,672279,357,0,357,104,177,177,2895914,2,404,17435.6017340673,8121.3904069637,227.113014160915,8585.50170409419,423.481985805948,449.170046233007,100,5.99,4,0,0,0,0,0,0,0,0,0,0,0,0,1,0,0,0,0,0,0,0,0,0,0,0,0,0,0,0,1,0,0,0,0,0,0,0,0,0,1,0,0,0,0,0,0,0,0,0,0,0,0,0,0,0,0,1,0,0,0,1,0,0,0,0,0,0,0,0,0,0,0
"57",65,0,0,2,0,1339841,1,0,0,0,1,1,7940515,1,2378,130314.75437957,217404.892219817,5523.20224309421,45869.1769605307,7403.79809477878,1320.20217712112,100,41.055151631762,0,0,0,0,0,0,0,0,0,0,0,0,0,0,0,0,1,0,0,0,0,0,0,0,0,0,0,0,0,1,0,0,0,0,0,0,0,0,0,1,0,0,0,0,0,0,0,0,0,0,0,0,0,0,0,0,1,0,0,0,0,0,1,0,0,0,0,0,0,0,0,0
"58",66,0,2555123,724,0,629078,16,0,16,0,4,4,2671445,1,117,130314.75437957,217404.892219817,5523.20224309421,42090.1253732291,7403.79809477878,1177.94592712112,100,12.98,2,0,0,0,1,0,0,0,0,0,0,0,0,0,0,0,0,0,0,0,0,0,0,0,0,0,0,0,0,1,0,0,0,0,0,0,0,0,0,1,0,0,0,0,0,0,0,0,0,0,0,0,0,0,0,0,1,0,0,0,1,0,0,0,1,1,0,0,0,0,0,0
"59",67,0,0,2899.5,103100844,401698,20,0,20,0,24,6,1906835,1,425,1803,8121.3904069637,227.113014160915,1803,423.481985805948,89,44362.09,22.196656195254,3,1,0,0,0,0,0,0,0,0,0,0,0,0,0,0,0,0,0,0,0,0,0,0,0,0,0,0,0,1,0,0,0,0,0,0,0,0,0,1,0,0,0,0,0,0,0,0,0,0,0,0,0,0,0,1,0,0,0,0,0,0,0,0,1,1,0,0,0,0,0,0
"60",68,0,0,624.61,0,1402840,13,0,0,0,13,13,8275561,1,523,130314.75437957,217404.892219817,5523.20224309421,42090.1253732291,7403.79809477878,1177.94592712112,100,39.0856159174762,0,0,0,0,0,0,0,0,0,0,0,0,1,0,0,0,0,0,0,0,0,0,0,0,0,0,0,0,0,1,0,0,0,0,0,0,0,0,0,1,0,0,0,0,0,0,0,0,0,0,0,0,0,0,0,0,1,0,0,0,0,0,0,0,0,0,1,0,0,0,0,0
"61",69,0,0,2602.4,276948628,330247,1250,66,1250,489,524,481,1631993,2,1839,17435.6017340673,13985.3270529264,227.113014160915,8585.50170409419,423.481985805948,855.533379997196,17377.7,23.9178867626227,1,0,0,0,0,0,0,0,0,0,0,1,0,0,0,0,0,0,0,0,0,0,0,0,0,0,0,0,0,1,0,0,0,0,0,0,0,0,0,1,0,0,0,0,0,0,0,0,0,0,0,0,0,0,0,0,1,0,0,0,1,0,0,0,0,0,0,0,0,0,0,0
"62",70,0,6066870,367.17,0,566651,39737,724,39737,6725,62932,13396,2535987,1,656,127,122,22,5,2170.27001490648,39,109.24,47.9519882936508,3,0,0,0,1,0,0,0,0,0,0,0,0,0,0,0,0,0,0,0,0,0,0,0,0,0,0,0,0,1,0,0,0,0,0,0,0,0,0,1,0,0,0,0,0,0,0,0,0,0,0,0,0,0,0,0,0,0,1,0,1,0,0,0,1,1,0,0,0,0,0,0
"63",71,0,0,1249,0,1579991,9,0,9,9,1,1,9213598,1,82,130314.75437957,217404.892219817,5523.20224309421,42090.1253732291,7403.79809477878,1177.94592712112,100,5,1,0,0,0,0,0,0,0,0,0,0,0,0,0,0,0,1,0,0,0,0,0,0,0,0,0,0,0,0,1,0,0,0,0,0,0,0,0,0,1,0,0,0,0,0,0,0,0,0,0,0,0,0,0,0,0,1,0,0,0,1,0,0,0,0,0,0,0,0,0,0,0
"64",72,0,3190289,12761.17,0,648746,1604,734,1559,916,950,216,2866144,2,278,210916,183618,6393.35547438672,27221,5088.65591149037,426,44721.15,23.7798783725865,2,1,0,0,0,0,0,0,0,0,0,0,0,0,0,0,0,0,0,0,0,0,0,0,0,1,0,0,0,0,0,0,0,0,0,0,0,0,0,1,0,0,0,0,0,0,0,0,0,0,0,0,0,0,0,0,0,0,1,0,0,0,1,0,0,0,0,0,0,0,0,0
"65",73,1,4877619,1690,758507317,480104,223,0,223,0,42,42,2254865,1,439,738,8121.3904069637,227.113014160915,738,423.481985805948,243,66764.89,22.196656195254,3,0,0,0,0,0,0,0,0,0,0,0,0,0,0,0,1,0,0,0,0,0,0,0,0,0,0,0,0,1,0,0,0,0,0,0,0,0,0,1,0,0,0,0,0,0,0,0,0,0,0,0,0,0,0,0,0,0,1,0,1,0,0,0,0,0,0,0,0,0,0,0
"66",75,0,0,25343.1,0,901142,725,105,725,691,138,138,5749358,1,82,336327,308706,1069,27522,2423,1642,119.17,29.2304790890269,9,1,0,0,0,0,0,0,0,0,0,0,0,0,0,0,0,0,0,0,0,0,0,0,0,0,1,0,0,0,0,0,0,1,0,0,0,0,0,0,0,0,0,0,0,0,0,0,0,0,0,0,0,0,0,0,0,0,1,0,1,1,0,0,1,1,0,0,0,0,0,0
"67",76,0,3024333,0.2,0,613052,82,0,82,82,42,20,2633813,16,89,130314.75437957,217404.892219817,4767.04152880849,45869.1769605307,7403.79809477878,1101.3737048989,100,45.1069552031905,6,0,0,0,1,0,0,0,0,0,0,0,0,0,0,0,0,0,0,0,0,0,0,0,0,0,0,0,0,1,0,0,0,0,0,0,0,0,0,1,0,0,0,0,0,0,0,0,0,0,0,0,0,0,0,0,1,0,0,0,1,1,0,0,0,0,0,0,0,0,0,0
"68",77,0,0,1065.66,0,1336822,29,0,29,0,3,3,7924254,1,138,130314.75437957,217404.892219817,5523.20224309421,42090.1253732291,7403.79809477878,1177.94592712112,100,33.8002538143016,2,0,0,0,1,0,0,0,0,0,0,0,0,0,0,0,0,0,0,0,0,0,0,0,0,0,0,0,0,1,0,0,0,0,0,0,0,0,0,1,0,0,0,0,0,0,0,0,0,0,0,0,0,0,0,0,1,0,0,0,1,0,0,0,1,1,0,0,0,0,0,0
"69",78,0,0,618.84,0,1508097,277,0,277,0,252,57,8833788,1,173,17435.6017340673,8121.3904069637,227.113014160915,8585.50170409419,974.477541361504,449.170046233007,100,36.805037900885,4,1,0,0,0,0,0,0,0,0,0,0,0,0,0,0,0,0,0,0,0,0,0,0,0,0,0,0,0,1,0,0,0,0,0,0,0,0,0,1,0,0,0,0,0,0,0,0,0,0,0,0,0,0,0,0,1,0,0,0,1,0,0,0,0,0,0,0,1,0,0,0
"70",79,0,0,0.32,0,1136821,930,0,930,72,1518,72,6873619,1,138,3,3,227.113014160915,6097.70783829332,974.477541361504,270.833345295056,100,29.99,3,0,0,0,0,0,0,0,0,0,0,0,0,0,0,0,0,0,1,0,0,0,0,0,0,0,0,0,0,1,0,0,0,0,0,0,0,0,0,1,0,0,0,0,0,0,0,0,0,0,0,0,0,0,0,0,1,0,0,0,1,0,0,0,1,1,0,0,0,0,0,0
"71",80,1,1164700,1430.18,154261248,38263,58,0,0,0,32,12,180637,1,824,4919,1300,6,3619,195,329,67556.97,10,17,0,0,0,0,0,0,0,0,0,0,0,1,0,0,0,0,0,0,0,0,0,0,0,0,0,0,0,0,1,0,0,0,0,0,0,0,0,0,1,0,0,0,0,0,0,0,0,0,0,0,0,0,0,0,0,0,0,0,1,0,0,1,0,0,0,0,0,0,0,0,0
"72",81,0,0,0.7,0,1206902,184,77,184,184,182,7,7236352,1,47,130314.75437957,217404.892219817,5523.20224309421,45869.1769605307,7403.79809477878,1248.69735569255,100,51.4339661922015,3,1,0,0,0,0,0,0,0,0,0,0,0,0,0,0,0,0,0,0,0,0,0,0,0,0,0,0,0,1,0,0,0,0,0,0,0,0,0,1,0,0,0,0,0,0,0,0,0,0,0,0,0,0,0,0,1,0,0,0,1,0,0,0,0,0,0,0,0,0,0,0
"73",82,0,0,719.3,0,1436223,6,0,6,0,30,6,8453782,1,145,130314.75437957,217404.892219817,5523.20224309421,42090.1253732291,7403.79809477878,1177.94592712112,100,39.0856159174762,1,0,0,0,0,0,0,0,0,1,0,0,0,0,0,0,0,0,0,0,0,0,0,0,0,0,0,0,0,1,0,0,0,0,0,0,0,0,0,1,0,0,0,0,0,0,0,0,0,0,0,0,0,0,0,0,1,0,0,0,0,0,1,0,0,0,0,0,0,0,0,0
"74",83,0,0,525.96,0,1640586,52,0,15,0,46,6,9535646,2,705,130314.75437957,217404.892219817,5523.20224309421,42090.1253732291,7403.79809477878,1177.94592712112,100,41.9848123460477,5,0,0,0,0,0,0,0,0,0,0,0,0,0,0,0,0,1,0,0,0,0,0,0,0,0,0,0,0,1,0,0,0,0,0,0,0,0,0,1,0,0,0,0,0,0,0,0,0,0,0,0,0,0,0,0,1,0,0,0,0,0,0,1,1,1,0,0,0,0,0,0
"75",84,0,0,629.59,77023373,760644,1009,0,256,5,3472,829,4042205,2,1160,17435.6017340673,8121.3904069637,227.113014160915,8585.50170409419,1461.79150961547,676.097239887306,8209.63,31.8483705955594,0,0,0,1,0,0,0,0,0,0,0,0,0,0,0,0,0,0,0,0,0,0,0,0,0,0,0,0,0,1,0,0,0,0,0,0,0,0,0,1,0,0,0,0,0,0,0,0,0,0,0,0,0,0,0,0,1,0,0,0,0,0,1,0,0,0,0,0,0,0,0,0
"76",85,0,0,17.29,0,1399900,643,0,0,0,593,360,8260098,42,3673,17435.6017340673,13985.3270529264,227.113014160915,13732.777727486,1075.20532552498,1030.51778138528,100,49.1082227711489,0,0,0,0,0,0,0,0,0,0,1,0,0,0,0,0,0,0,0,0,0,0,0,0,0,0,0,0,0,1,0,0,0,0,0,0,0,0,0,1,0,0,0,0,0,0,0,0,0,0,0,0,0,0,0,0,1,0,0,0,0,0,0,0,0,0,1,0,0,0,0,0
"77",86,0,0,697.28,0,1383695,23,0,23,0,116,15,8173670,1,96,130314.75437957,217404.892219817,5523.20224309421,42090.1253732291,7403.79809477878,1177.94592712112,100,19.98,4,0,0,0,0,0,0,0,0,0,0,0,0,0,0,0,1,0,0,0,0,0,0,0,0,0,0,0,0,1,0,0,0,0,0,0,0,0,0,1,0,0,0,0,0,0,0,0,0,0,0,0,0,0,0,0,1,0,0,0,1,0,0,0,0,0,0,0,0,0,0,0
"78",87,0,0,565.66,0,1367132,50,50,50,50,6,6,8085552,1,40,130314.75437957,217404.892219817,5523.20224309421,42090.1253732291,7403.79809477878,1248.69735569255,100,39.0856159174762,2,0,0,0,0,0,0,0,0,0,0,0,0,1,0,0,0,0,0,0,0,0,0,0,0,0,0,0,0,1,0,0,0,0,0,0,0,0,0,1,0,0,0,0,0,0,0,0,0,0,0,0,0,0,0,0,1,0,0,0,1,0,0,0,0,0,0,0,0,0,0,0
"79",88,0,2923258,496.59,744167982,365431,1878,0,0,0,1315,822,1829062,116,1286,17435.6017340673,8121.3904069637,227.113014160915,8585.50170409419,423.481985805948,676.097239887306,44509.93,33.9966819190186,1,0,0,0,0,0,0,0,0,0,0,0,0,0,0,0,0,0,0,0,0,1,0,0,0,0,0,0,0,1,0,0,0,0,0,0,0,0,0,1,0,0,0,0,0,0,0,0,0,0,0,0,0,0,0,0,1,0,0,0,0,0,1,0,0,0,0,0,0,0,0,0
"80",89,0,0,6430.46,0,1281883,115,4,115,115,128,10,7633043,2,117,130314.75437957,217404.892219817,4767.04152880849,42090.1253732291,7403.79809477878,1172.12513347033,100,33.0286933747412,8,0,0,0,0,0,0,0,0,0,0,0,0,1,0,0,0,0,0,0,0,0,0,0,0,0,0,0,0,1,0,0,0,0,0,0,0,0,0,1,0,0,0,0,0,0,0,0,0,0,0,0,0,0,0,0,1,0,0,0,1,0,0,0,0,0,0,0,0,0,0,0
"81",90,0,0,1059.4,0,984135,12,0,12,0,5,3,6140504,1,285,921,52,227.113014160915,869,1,103,100,28.7587383381112,0,1,0,0,0,0,0,0,0,0,0,0,0,0,0,0,0,0,0,0,0,0,0,0,0,0,0,0,0,1,0,0,0,0,0,0,0,0,0,1,0,0,0,0,0,0,0,0,0,0,0,0,0,0,0,0,0,0,1,0,1,0,0,0,0,0,0,0,0,0,0,0
"82",91,0,0,1344.41,752565112,458754,98,0,9,0,43,41,2200433,2,544,3571,844,227.113014160915,2727,423.481985805948,48,17285.81,2.99,5,0,0,0,0,0,0,0,0,1,0,0,0,0,0,0,0,0,0,0,0,0,0,0,0,0,0,0,0,0,1,0,0,0,0,1,0,0,0,0,0,0,0,0,0,0,0,0,0,0,0,0,1,0,0,0,0,0,0,0,0,0,1,0,0,0,0,0,0,0,0,0
"83",92,0,0,6700.08,0,1360794,20,0,0,0,24,20,8052629,1,1328,130314.75437957,217404.892219817,5523.20224309421,42090.1253732291,7403.79809477878,1177.94592712112,100,29.7484502428731,0,1,0,0,0,0,0,0,0,0,0,0,0,0,0,0,0,0,0,0,0,0,0,0,0,0,0,0,0,1,0,0,0,0,0,0,0,0,0,1,0,0,0,0,0,0,0,0,0,0,0,0,0,0,0,0,1,0,0,0,0,0,1,0,0,0,0,0,0,0,0,0
"84",93,1,0,910.22,0,526055,3799,32,3799,1176,1643,1081,2462765,1,166,995,95,227.113014160915,900,418,267,168.83,26.2295432831661,4,0,0,0,0,0,0,0,0,0,0,0,0,1,0,0,0,0,0,0,0,0,0,0,0,0,0,0,0,1,0,0,0,0,0,0,0,0,0,1,0,0,0,0,0,0,0,0,0,0,0,0,0,0,0,0,0,0,1,0,1,1,0,1,1,1,1,0,1,0,0,0
"85",94,0,0,810.52,0,1599305,784,784,784,784,1160,210,9315861,15,26,17435.6017340673,8121.3904069637,1097.26624545343,9661.0332400419,1890.95615885831,631.615224804435,100,34.9954411006264,0,1,0,0,0,0,0,0,0,0,0,0,0,0,0,0,0,0,0,0,0,0,0,0,0,0,0,0,0,1,0,0,0,0,0,0,0,0,0,1,0,0,0,0,0,0,0,0,0,0,0,0,0,0,0,0,1,0,0,0,1,0,0,1,1,0,0,0,0,0,0,0
"86",95,0,6511008,2499,0,627105,23,0,23,0,12,12,2666714,1,117,130314.75437957,217404.892219817,5523.20224309421,42090.1253732291,7403.79809477878,1177.94592712112,100,33.8002538143016,0,1,0,0,0,0,0,0,0,0,0,0,0,0,0,0,0,0,0,0,0,0,0,0,0,0,0,0,0,1,0,0,0,0,0,0,0,0,0,1,0,0,0,0,0,0,0,0,0,0,0,0,0,0,0,0,1,0,0,0,1,0,0,0,0,0,0,0,0,0,0,0
"87",96,1,6220206,892.01,8431491,79253,241,0,241,12,107,105,318547,2,2812,14561,6686,23,7701,423.481985805948,799,47680.31,29,7,0,0,0,0,0,0,0,0,0,0,0,0,1,0,0,0,0,0,0,0,0,0,0,0,0,1,0,0,0,0,0,0,0,0,0,0,0,0,1,0,0,0,0,0,0,0,0,0,0,0,0,0,0,0,0,0,0,1,0,0,0,1,0,0,0,0,0,0,0,0,0
"88",97,0,1977611,551.21,23710821,190794,1423,0,73,6,3468,511,878838,2,1293,11617,1801,227.113014160915,9423,128,1204,95032.45,35.1219039288927,7,1,0,0,0,0,0,0,0,0,0,0,0,0,0,0,0,0,0,0,0,0,0,0,0,0,0,0,0,1,0,0,1,0,0,0,0,0,0,0,0,0,0,0,0,0,0,0,0,0,0,0,0,0,0,0,0,0,1,0,1,0,0,0,0,0,0,0,0,0,0,0
"89",99,1,2349051,2689.72,0,537817,1131,66,602,307,310,310,2483848,1,691,17435.6017340673,8121.3904069637,227.113014160915,8585.50170409419,423.481985805948,680.886252804213,50311.3,22.0390322144876,5,1,0,0,0,0,0,0,0,0,0,0,0,0,0,0,0,0,0,0,0,0,0,0,0,0,0,0,0,1,0,0,0,0,0,0,0,0,0,1,0,0,0,0,0,0,0,0,0,0,0,0,0,0,0,0,1,0,0,0,1,0,0,1,1,1,0,0,0,0,0,0
"90",100,0,0,375.5,0,1541868,4,0,4,0,12,4,9011894,1,124,130314.75437957,217404.892219817,5523.20224309421,45869.1769605307,7403.79809477878,1177.94592712112,100,45.1069552031905,1,0,0,0,0,0,0,0,0,0,0,0,0,0,0,0,0,0,0,0,1,0,0,0,0,0,0,0,0,1,0,0,0,0,0,0,0,0,0,1,0,0,0,0,0,0,0,0,0,0,0,0,0,0,0,0,1,0,0,0,0,0,1,0,0,0,0,0,0,0,0,0
"91",101,1,0,252.11,0,1317139,21,0,21,21,18,18,7819900,2,40,6,8121.3904069637,227.113014160915,11244.9838616851,1911.42766679482,295.243345295056,100,39.0240468698572,0,0,0,0,0,0,0,0,0,1,0,0,0,0,0,0,0,0,0,0,0,0,0,0,0,0,0,0,0,1,0,0,0,0,0,0,0,0,0,1,0,0,0,0,0,0,0,0,0,0,0,0,0,0,0,0,1,0,0,0,1,0,0,0,0,0,0,0,0,0,0,0
"92",102,0,0,536.68,0,635495,492,0,2,0,2420,129,2686355,2,838,17435.6017340673,8121.3904069637,227.113014160915,8585.50170409419,570.949842948805,649.707239887306,100,47.6392204365079,2,1,0,0,0,0,0,0,0,0,0,0,0,0,0,0,0,0,0,0,0,0,0,0,0,0,0,0,0,1,0,0,0,0,0,0,0,0,0,1,0,0,0,0,0,0,0,0,0,0,0,0,0,0,0,0,1,0,0,0,0,0,0,0,0,0,1,0,0,0,0,0
"93",103,0,1870424,3912.87,10583987,395637,219,20,151,87,33,28,1895341,3,362,10228,8121.3904069637,577.756301429202,10228,1538.62211123926,430,105961.95,130.97,26,1,0,0,0,0,0,0,0,0,0,0,0,0,0,0,0,0,0,0,0,0,0,0,0,0,0,0,0,1,0,0,0,0,0,0,0,0,0,1,0,0,0,0,0,0,0,0,0,0,0,0,0,0,0,0,0,0,1,0,1,0,0,1,1,1,1,0,0,0,0,0
"94",104,0,0,1023.11,0,1344786,573,71,573,573,594,208,7966985,1,40,17435.6017340673,8121.3904069637,227.113014160915,8585.50170409419,974.477541361504,519.921474804435,100,25.9773900834247,1,1,0,0,0,0,0,0,0,0,0,0,0,0,0,0,0,0,0,0,0,0,0,0,0,0,0,0,0,1,0,0,0,0,0,0,0,0,0,1,0,0,0,0,0,0,0,0,0,0,0,0,0,0,0,0,1,0,0,0,1,0,0,0,1,1,0,0,0,0,0,0
"95",105,1,904446,4652.81,758530230,480203,3326,526,3326,951,626,547,2255148,1,355,7331,3923,3160,3408,1340.08686472333,159,96378.96,26.2939607859162,5,0,0,0,0,0,0,0,0,0,0,0,0,0,0,0,1,0,0,0,0,0,0,0,0,0,0,0,0,1,0,0,0,0,0,0,0,0,0,1,0,0,0,0,0,0,0,0,0,0,0,0,0,0,0,0,0,0,1,0,1,1,0,1,1,1,0,0,0,0,0,0
"96",106,0,0,999,0,1333981,21,21,21,21,50,4,7909234,1,26,130314.75437957,217404.892219817,5523.20224309421,42090.1253732291,7403.79809477878,1248.69735569255,100,33.8002538143016,0,1,0,0,0,0,0,0,0,0,0,0,0,0,0,0,0,0,0,0,0,0,0,0,0,0,0,0,0,1,0,0,0,0,0,0,0,0,0,1,0,0,0,0,0,0,0,0,0,0,0,0,0,0,0,0,1,0,0,0,1,0,0,0,1,1,0,0,0,0,0,0
"97",108,0,0,100.14,0,1159872,290,0,0,0,724,43,6987347,1,761,17435.6017340673,8121.3904069637,227.113014160915,8585.50170409419,423.481985805948,649.707239887306,100,4.99,4,1,0,0,0,0,0,0,0,0,0,0,0,0,0,0,0,0,0,0,0,0,0,0,0,0,0,0,0,1,0,0,0,0,0,0,0,0,0,1,0,0,0,0,0,0,0,0,0,0,0,0,0,0,0,0,1,0,0,0,0,0,1,0,0,0,0,0,0,0,0,0
"98",109,0,0,692.93,0,1258470,62,0,62,62,16,16,7508722,2,96,130314.75437957,217404.892219817,4767.04152880849,42090.1253732291,7403.79809477878,1101.3737048989,100,14.98,9,0,0,0,0,0,0,0,0,0,0,0,0,0,0,0,1,0,0,0,0,0,0,0,0,0,0,0,0,1,0,0,0,0,0,0,0,0,0,1,0,0,0,0,0,0,0,0,0,0,0,0,0,0,0,0,1,0,0,0,1,1,0,0,1,1,0,0,0,0,0,0
"99",110,0,5544099,891.26,0,671699,564,57,460,168,527,417,2895121,1,495,17435.6017340673,8121.3904069637,227.113014160915,8585.50170409419,423.481985805948,606.974000056961,100,25.9773900834247,3,1,0,0,0,0,0,0,0,0,0,0,0,0,0,0,0,0,0,0,0,0,0,0,0,0,0,0,0,1,0,0,0,0,0,0,0,0,0,1,0,0,0,0,0,0,0,0,0,0,0,0,0,0,0,0,1,0,0,0,1,0,0,0,1,1,0,0,0,0,0,0
"100",111,0,3184340,490,0,671066,16,0,16,0,2,1,2894248,1,152,130314.75437957,217404.892219817,5523.20224309421,42090.1253732291,7403.79809477878,1177.94592712112,100,4.98,2,1,0,0,0,0,0,0,0,0,0,0,0,0,0,0,0,0,0,0,0,0,0,0,0,0,0,0,0,1,0,0,0,0,0,0,0,0,0,1,0,0,0,0,0,0,0,0,0,0,0,0,0,0,0,0,1,0,0,0,1,0,0,0,0,0,0,0,0,0,0,0
"101",113,0,0,227.32,0,1583498,278,14,90,40,65,65,9232318,1,334,17435.6017340673,8121.3904069637,227.113014160915,13732.777727486,1360.43211123926,689.36347041847,100,39.0240468698572,5,0,0,0,0,0,0,0,0,0,0,0,0,0,0,1,0,0,0,0,0,0,0,0,0,0,0,0,0,1,0,0,0,0,0,0,0,0,0,1,0,0,0,0,0,0,0,0,0,0,0,0,0,0,0,0,1,0,0,0,0,1,0,0,0,0,0,0,0,0,0,0
"102",114,0,5972027,1934.37,0,564837,2378,180,2378,1355,805,761,2532897,1,376,428,146,1097.26624545343,282,1131.96049109695,41,100,32.1790754475703,2,0,0,1,0,0,0,0,0,0,0,0,0,0,0,0,0,0,0,0,0,0,0,0,0,0,0,0,0,1,0,0,0,0,0,0,0,0,0,1,0,0,0,0,0,0,0,0,0,0,0,0,0,0,0,0,0,0,1,0,1,0,0,0,0,0,0,0,0,0,0,0
"103",115,0,0,399,0,1195367,17,0,17,0,2,2,7175438,1,145,130314.75437957,217404.892219817,5523.20224309421,45869.1769605307,7403.79809477878,1177.94592712112,100,45.1069552031905,2,0,0,0,1,0,0,0,0,0,0,0,0,0,0,0,0,0,0,0,0,0,0,0,0,0,0,0,0,1,0,0,0,0,0,0,0,0,0,1,0,0,0,0,0,0,0,0,0,0,0,0,0,0,0,0,1,0,0,0,0,0,1,0,0,0,0,0,0,0,0,0
"104",116,1,113881,812.85,456652070,20889,14450,335,10105,2297,5586,3342,108233,10,138,145794,13420,1489,132237,10346,759,138767.31,1.99,5,0,0,0,0,0,0,0,0,0,0,0,0,1,0,0,0,0,0,0,0,0,0,0,0,0,0,0,1,0,0,0,0,0,1,0,0,0,0,0,0,0,0,0,0,0,0,0,0,0,0,0,0,0,0,0,0,0,1,0,1,0,0,1,1,1,0,0,0,0,0,0
"105",117,0,0,38.93,0,1637978,202,0,0,0,418,182,9521837,13,2434,130314.75437957,217404.892219817,5523.20224309421,45869.1769605307,7403.79809477878,1320.20217712112,100,47.382162620773,0,0,0,0,0,0,0,0,0,0,0,0,0,0,1,0,0,0,0,0,0,0,0,0,0,0,0,0,0,1,0,0,0,0,0,0,0,0,0,1,0,0,0,0,0,0,0,0,0,0,0,0,0,0,0,0,1,0,0,0,0,0,0,0,0,0,1,0,0,0,0,0
"106",120,0,4227937,960.05,244003009,342756,192,0,192,82,208,55,1701329,1,1489,11840,8121.3904069637,1333.91701571492,11840,1253.39532552498,196,72328.63,1.99,2,1,0,0,0,0,0,0,0,0,0,0,0,0,0,0,0,0,0,0,0,0,0,0,0,0,0,0,0,1,0,0,0,0,0,0,0,0,0,1,0,0,0,0,0,0,0,0,0,0,0,0,0,0,0,0,0,0,1,0,1,0,0,0,0,0,0,0,0,0,0,0
"107",121,0,0,0.63,99796347,168557,242,93,242,120,99,35,756666,1,250,50,50,7,6097.70783829332,974.477541361504,270.833345295056,28256.46,4.99,6,0,0,0,0,0,0,0,0,0,0,0,0,1,0,0,0,0,0,0,0,0,0,0,0,0,0,0,0,1,0,0,0,0,0,0,0,0,0,1,0,0,0,0,0,0,0,0,0,0,0,0,0,0,0,0,1,0,0,0,1,1,0,1,1,1,0,0,0,0,0,0
"108",122,0,0,216.82,0,927139,68,0,68,68,63,7,5873643,1,82,2711,8121.3904069637,227.113014160915,2711,974.477541361504,543,100,2.99,4,1,0,0,0,0,0,0,0,0,0,0,0,0,0,0,0,0,0,0,0,0,0,0,0,0,0,0,0,1,0,0,0,0,0,0,0,0,0,1,0,0,0,0,0,0,0,0,0,0,0,0,0,0,1,0,0,0,0,0,1,0,0,0,0,0,1,0,0,0,0,0
"109",123,1,0,2049.98,0,947955,846,0,323,0,258,218,5977674,1,460,1652,834,227.113014160915,818,11,238,100,29.8910281786628,1,1,0,0,0,0,0,0,0,0,0,0,0,0,0,0,0,0,0,0,0,0,0,0,0,0,1,0,0,0,0,0,0,0,0,0,0,0,0,0,1,0,0,0,0,0,0,0,0,0,1,0,0,0,0,0,0,0,0,0,1,1,0,0,0,0,1,0,0,0,0,0
"110",124,1,1334539,693.33,31155674,115098,32,0,8,1,21,13,442104,2,754,130314.75437957,217404.892219817,5523.20224309421,42090.1253732291,7403.79809477878,1204.93428209948,84446.21,35.286520679381,5,0,0,0,0,0,0,0,0,1,0,0,0,0,0,0,0,0,0,0,0,0,0,0,0,0,0,0,0,1,0,0,0,0,0,0,0,0,0,1,0,0,0,0,0,0,0,0,0,0,0,0,0,0,0,0,1,0,0,0,1,0,0,1,1,1,0,0,0,0,0,0
"111",125,1,0,2252.93,0,1191488,66,0,66,32,74,20,7155103,1,110,130314.75437957,217404.892219817,5523.20224309421,42090.1253732291,7403.79809477878,1177.94592712112,100,33.8002538143016,3,1,0,0,0,0,0,0,0,0,0,0,0,0,0,0,0,0,0,0,0,0,0,0,0,0,0,0,0,1,0,0,0,0,0,0,0,0,0,1,0,0,0,0,0,0,0,0,0,0,0,0,0,0,0,0,1,0,0,0,0,0,1,0,0,0,0,0,0,0,0,0
"112",126,0,0,981.39,0,1284915,308,0,308,59,71,47,7649053,8,117,17435.6017340673,8121.3904069637,227.113014160915,8585.50170409419,974.477541361504,449.170046233007,100,44.89,6,0,0,0,1,0,0,0,0,0,0,0,0,0,0,0,0,0,0,0,0,0,0,0,0,0,0,0,0,1,0,0,0,0,0,0,0,0,0,1,0,0,0,0,0,0,0,0,0,0,0,0,0,0,0,0,1,0,0,0,1,0,0,1,1,1,0,0,0,0,0,0
"113",127,0,0,99.5,0,1402951,2,0,0,0,2,2,8276213,1,3001,130314.75437957,217404.892219817,5523.20224309421,45869.1769605307,7403.79809477878,1320.20217712112,100,41.055151631762,1,0,0,0,0,0,0,0,0,0,0,0,0,0,0,0,0,1,0,0,0,0,0,0,0,0,0,0,0,1,0,0,0,0,0,0,0,0,0,1,0,0,0,0,0,0,0,0,0,0,0,0,0,0,0,0,1,0,0,0,0,0,1,0,0,0,0,0,0,0,0,0
"114",128,0,1125263,150.65,55001476,20229,361,0,45,0,357,340,102253,1,866,68590.1056347766,22443.2418064182,2041.18832810416,18517.0319374427,1623.06455629421,940.49699272219,83258.19,50.2182990079365,2,0,0,0,0,1,0,0,0,0,0,0,0,0,0,0,0,0,0,0,0,0,0,0,0,0,0,0,0,1,0,0,0,0,0,0,0,0,0,1,0,0,0,0,0,0,0,0,0,0,0,0,0,0,0,0,1,0,0,0,1,0,0,0,1,1,0,0,0,0,0,0
"115",129,0,762123,7106.46,53950544,33111,664,0,268,96,572,89,151791,2,1559,18978,804,5,18113,630,1107,135113.94,15.98,17,0,0,0,1,0,0,0,0,0,0,0,0,0,0,0,0,0,0,0,0,0,0,0,0,0,0,0,0,0,1,0,0,0,0,0,0,0,0,0,0,0,1,0,0,0,0,0,0,0,0,0,0,0,0,0,0,0,1,0,1,0,0,1,1,0,0,0,0,0,0,0
"116",130,0,0,3219.67,0,1077267,138,0,138,138,72,53,6556820,1,96,330,325,227.113014160915,6097.70783829332,974.477541361504,270.833345295056,100,29.6743344165425,3,0,0,0,0,0,0,0,0,0,0,0,0,0,0,0,0,1,0,0,0,0,0,0,0,0,0,0,0,1,0,0,0,0,0,0,0,0,0,1,0,0,0,0,0,0,0,0,0,0,0,0,0,0,0,0,1,0,0,0,1,0,0,0,0,0,0,0,0,0,0,0
"117",131,0,5412413,1429.15,59706020,181873,319,2,101,44,87,80,829897,2,1083,70600,10902,147,59680,5464,633,50007.15,12.49,8,0,0,0,0,0,0,0,0,0,0,0,0,0,0,0,0,0,0,0,0,1,0,0,0,0,0,0,0,1,0,0,0,0,0,0,0,0,0,0,0,0,0,0,0,1,0,0,0,1,0,0,0,0,0,0,0,0,0,0,1,0,0,0,0,0,1,0,0,0,0,0
"118",132,0,6353651,1361.5,0,601301,22,7,22,22,20,6,2606109,1,82,130314.75437957,217404.892219817,5523.20224309421,42090.1253732291,7403.79809477878,1248.69735569255,100,33.8002538143016,0,1,0,0,0,0,0,0,0,0,0,0,0,0,0,0,0,0,0,0,0,0,0,0,0,0,0,0,0,1,0,0,0,0,0,0,0,0,0,1,0,0,0,0,0,0,0,0,0,0,0,0,0,0,0,0,1,0,0,0,1,0,0,0,0,0,0,0,0,0,0,0
"119",133,0,0,1922.53,0,913788,1006,228,1003,566,370,24,5804301,1,89,43272,1791,1421,41481,7403.79809477878,568,109.24,8.98,12,1,0,0,0,0,0,0,0,0,0,0,0,0,0,0,0,0,0,0,0,0,0,0,0,0,0,0,0,1,0,0,0,0,0,0,0,0,0,0,0,0,0,0,1,0,0,0,0,0,0,1,0,0,0,0,0,0,0,0,0,0,0,1,1,1,0,0,0,0,0,0
"120",134,1,2267171,27810.22,5089265,58006,2939,0,2939,348,3020,756,249482,3,75,34028,4632,2,29288,5679.35957754654,397,114179.08,5.99,6,1,0,0,0,0,0,0,0,0,0,0,0,0,0,0,0,0,0,0,0,0,0,0,0,0,0,0,0,1,0,0,0,0,0,0,0,0,0,1,0,0,0,0,0,0,0,0,0,0,1,0,0,0,0,0,0,0,0,0,1,0,0,1,1,1,0,0,0,0,1,0
"121",135,0,0,509.27,0,1431814,168,0,168,0,29,29,8430504,3,1937,130314.75437957,217404.892219817,5523.20224309421,42090.1253732291,7403.79809477878,1320.20217712112,100,34.0710980603334,2,0,0,0,0,0,0,0,0,0,0,0,0,1,0,0,0,0,0,0,0,0,0,0,0,0,0,0,0,1,0,0,0,0,0,0,0,0,0,1,0,0,0,0,0,0,0,0,0,0,0,0,0,0,0,0,1,0,0,0,0,0,1,0,0,0,0,0,0,0,0,0
"122",137,1,0,33458.52,692771565,490326,1239,0,219,0,1434,287,2374999,1,985,42221.0049008165,22443.2418064182,1357.67045649336,8585.50170409419,708.159485805948,784.535551290815,6931.86,24.1015935337927,5,0,0,0,0,0,0,0,0,0,0,0,0,0,0,0,0,1,0,0,0,0,0,0,0,0,0,0,0,1,0,0,0,0,0,0,0,0,0,1,0,0,0,0,0,0,0,0,0,0,0,0,0,0,0,0,1,0,0,0,1,0,0,0,0,0,1,0,0,0,1,0
"123",138,0,1942496,902.57,0,598426,48,0,23,0,14,8,2599345,2,544,130314.75437957,217404.892219817,5523.20224309421,42090.1253732291,7403.79809477878,1177.94592712112,100,5,1,0,0,0,0,0,0,0,0,0,0,0,0,1,0,0,0,0,0,0,0,0,0,0,0,0,0,0,0,1,0,0,0,0,0,0,0,0,0,1,0,0,0,0,0,0,0,0,0,0,0,0,0,0,0,0,1,0,0,0,0,0,1,0,0,0,0,0,0,0,0,0
"124",139,0,0,1091.83,248223277,814945,196,0,114,78,199,50,4744616,2,453,2274,490,7,1784,20,94,21515.24,48.98,8,1,0,0,0,0,0,0,0,0,0,0,0,0,0,0,0,0,0,0,0,0,0,0,0,0,0,0,0,1,0,0,0,0,0,0,0,0,0,1,0,0,0,0,0,0,0,0,0,0,0,0,0,0,0,0,0,0,1,0,1,0,0,0,0,0,0,0,0,0,0,0
"125",140,1,0,1586.4,0,946277,131,34,131,42,90,64,5969507,1,152,5380,8121.3904069637,227.113014160915,5380,974.477541361504,208,100,27.1976201308282,2,0,0,0,0,0,0,0,0,0,0,0,0,1,0,0,0,0,0,0,0,0,0,0,0,0,0,0,0,1,0,0,0,0,0,0,0,0,0,1,0,0,0,0,0,0,0,0,0,0,0,0,0,1,0,0,0,0,0,0,1,0,0,1,1,0,0,0,0,0,0,0
"126",141,0,0,1490.74,692748807,859005,101,0,1,1,53,51,5263607,1,1405,130314.75437957,217404.892219817,5523.20224309421,42090.1253732291,7403.79809477878,1177.94592712112,6931.92,23.0501585762064,0,0,0,0,0,0,0,0,0,0,0,0,0,1,0,0,0,0,0,0,0,0,0,0,0,0,0,0,0,1,0,0,0,0,0,0,0,0,0,1,0,0,0,0,0,0,0,0,0,0,0,0,0,0,0,0,1,0,0,0,1,0,0,0,1,1,0,0,0,0,0,0
"127",142,0,2595995,255.76,0,624698,13023,0,13023,0,2183,2183,2661122,16,103,21427.3207615515,8121.3904069637,227.113014160915,13732.777727486,2432.78163504879,669.412041847042,100,47.9519882936508,0,0,0,0,0,0,0,0,0,0,0,0,0,0,0,0,1,0,0,0,0,0,0,0,0,0,0,0,0,1,0,0,0,0,0,0,0,0,0,1,0,0,0,0,0,0,0,0,0,0,0,0,0,0,0,0,1,0,0,0,1,0,0,0,0,0,0,0,0,0,0,0
"128",143,0,0,265.89,0,1516154,266,266,266,266,111,111,8875832,2,33,17435.6017340673,8121.3904069637,1097.26624545343,13732.777727486,2089.61766679482,801.05722041847,100,45.1069552031905,0,1,0,0,0,0,0,0,0,0,0,0,0,0,0,0,0,0,0,0,0,0,0,0,0,0,0,0,0,1,0,0,0,0,0,0,0,0,0,1,0,0,0,0,0,0,0,0,0,0,0,0,0,0,0,0,1,0,0,0,0,0,1,0,0,0,0,0,0,0,0,0
"129",145,0,0,1442.2,0,1469235,60,30,60,60,81,9,8628579,1,47,130314.75437957,217404.892219817,5523.20224309421,42090.1253732291,7403.79809477878,1248.69735569255,100,33.8002538143016,0,1,0,0,0,0,0,0,0,0,0,0,0,0,0,0,0,0,0,0,0,0,0,0,0,0,0,0,0,1,0,0,0,0,0,0,0,0,0,1,0,0,0,0,0,0,0,0,0,0,0,0,0,0,0,0,1,0,0,0,1,0,0,1,1,1,0,0,0,0,0,0
"130",146,0,0,148376.61,0,1238143,265,0,0,0,432,139,7400648,81,453,42221.0049008165,22443.2418064182,1357.67045649336,8585.50170409419,708.159485805948,608.408357636516,100,31.8825281786628,0,1,0,0,0,0,0,0,0,0,0,0,0,0,0,0,0,0,0,0,0,0,0,0,0,0,0,0,0,1,0,0,0,0,0,0,0,0,0,1,0,0,0,0,0,0,0,0,0,0,0,0,0,0,0,0,1,0,0,0,0,0,1,0,0,0,0,0,0,0,0,0
"131",147,0,1101075,1807.74,744171664,365312,32768,429,16866,3534,17794,3713,1828171,9,838,258,8121.3904069637,1097.26624545343,258,24,59,111802.89,9.94,3,1,0,0,0,0,0,0,0,0,0,0,0,0,0,0,0,0,0,0,0,0,0,0,0,0,0,0,0,1,0,0,0,0,0,0,0,0,0,1,0,0,0,0,0,0,0,0,0,0,0,0,0,0,0,0,0,0,1,0,1,1,0,1,1,1,0,0,0,0,0,0
"132",148,0,1941502,11996.3,0,518974,331,34,331,193,84,69,2450050,1,180,105,105,1,6097.70783829332,974.477541361504,270.833345295056,73186.71,24.4215963213044,1,1,0,0,0,0,0,0,0,0,0,0,0,0,0,0,0,0,0,0,0,0,0,0,0,0,0,0,0,1,0,0,0,0,0,0,0,0,0,1,0,0,0,0,0,0,0,0,0,0,0,0,0,0,0,0,1,0,0,0,0,0,0,0,0,0,0,0,1,0,0,0
"133",149,1,808669,6028.13,19905062,154750,1157,6,333,87,1771,240,681345,2,1027,42183,29642,82,12541,1075.20532552498,1948,111802.89,19,4,1,0,0,0,0,0,0,0,0,0,0,0,0,0,0,0,0,0,0,0,0,0,0,0,0,0,0,0,1,0,0,0,0,0,0,0,0,0,0,0,0,0,0,0,0,0,0,1,0,0,0,0,0,0,0,0,0,1,0,0,0,0,1,1,0,0,0,0,0,0,0
"134",150,0,0,118.94,0,675850,111,26,111,29,115,49,2900771,1,145,130314.75437957,217404.892219817,5523.20224309421,45869.1769605307,7403.79809477878,1248.69735569255,100,51.4339661922015,0,0,0,0,0,0,1,0,0,0,0,0,0,0,0,0,0,0,0,0,0,0,0,0,0,0,0,0,0,1,0,0,0,0,0,0,0,0,0,1,0,0,0,0,0,0,0,0,0,0,0,0,0,0,0,0,1,0,0,0,1,0,0,0,0,0,0,0,0,0,0,0
"135",151,0,0,406.42,0,546192,166,1,166,1,140,109,2499105,1,194,409,16,6,393,13,141,119.17,45.3510578588682,3,1,0,0,0,0,0,0,0,0,0,0,0,0,0,0,0,0,0,0,0,0,0,0,0,0,0,0,0,1,0,0,0,0,0,0,0,0,0,1,0,0,0,0,0,0,0,0,0,0,0,1,0,0,0,0,0,0,0,0,1,1,0,0,1,1,0,0,0,0,0,0
"136",152,0,0,100,0,1334861,1,0,0,0,2,1,7913880,1,1321,130314.75437957,217404.892219817,5523.20224309421,45869.1769605307,7403.79809477878,1177.94592712112,100,41.055151631762,0,0,0,0,0,0,0,0,0,0,0,0,0,0,0,0,1,0,0,0,0,0,0,0,0,0,0,0,0,1,0,0,0,0,0,0,0,0,0,1,0,0,0,0,0,0,0,0,0,0,0,0,0,0,0,0,1,0,0,0,0,0,1,0,0,0,0,0,0,0,0,0
"137",153,0,0,0.74,0,1460589,12,0,12,4,8,2,8582603,1,54,130314.75437957,217404.892219817,5523.20224309421,45869.1769605307,7403.79809477878,1177.94592712112,100,45.1069552031905,4,0,0,0,1,0,0,0,0,0,0,0,0,0,0,0,0,0,0,0,0,0,0,0,0,0,0,0,0,1,0,0,0,0,0,0,0,0,0,1,0,0,0,0,0,0,0,0,0,0,0,0,0,0,0,0,1,0,0,0,1,1,0,1,1,1,0,0,0,0,0,0
"138",154,0,0,308.07,0,622705,386,0,0,0,196,196,2656550,2,1181,17435.6017340673,8121.3904069637,227.113014160915,13732.777727486,1075.20532552498,753.18681984682,100,49.1082227711489,1,0,0,0,0,0,0,0,0,0,0,0,0,0,0,0,0,0,0,0,0,1,0,0,0,0,0,0,0,1,0,0,0,0,0,0,0,0,0,1,0,0,0,0,0,0,0,0,0,0,0,0,0,0,0,0,1,0,0,0,1,1,0,1,1,1,0,0,0,0,0,0
"139",155,0,0,45,744223540,848980,61,0,0,0,4,1,5203624,1,985,130314.75437957,217404.892219817,5523.20224309421,45869.1769605307,7403.79809477878,1177.94592712112,24216.99,34.3568599650953,0,0,0,0,0,0,0,0,0,1,0,0,0,0,0,0,0,0,0,0,0,0,0,0,0,0,0,0,0,1,0,0,0,0,0,0,0,0,0,1,0,0,0,0,0,0,0,0,0,0,0,0,0,0,0,0,1,0,0,0,1,0,0,1,1,1,0,0,1,0,0,0
"140",156,0,0,2544.34,0,583335,1460,0,49,0,878,498,2566614,21,523,107,97,61,10,2,186.496468005679,100,24.99,13,1,0,0,0,0,0,0,0,0,0,0,0,0,0,0,0,0,0,0,0,0,0,0,0,0,0,0,0,1,0,0,0,0,0,0,0,0,0,0,0,0,1,0,0,0,0,0,0,0,0,0,0,0,0,0,1,0,0,0,1,0,0,1,1,0,0,0,0,0,0,0
"141",157,1,3689988,523.7,45481389,257658,659,0,659,0,117,62,1235392,2,341,20030,11737,237,8293,423.481985805948,244,78262.02,44.47,13,0,0,0,0,0,0,0,0,1,0,0,0,0,0,0,0,0,0,0,0,0,0,0,0,0,0,0,0,1,0,0,0,0,0,0,0,0,0,1,0,0,0,0,0,0,0,0,0,0,0,1,0,0,0,0,0,0,0,0,1,0,0,0,0,0,0,0,0,0,0,0
"142",158,0,0,21.65,0,1569889,1,0,0,0,3,1,9159351,1,1818,130314.75437957,217404.892219817,5523.20224309421,45869.1769605307,7403.79809477878,1320.20217712112,100,41.055151631762,0,0,0,1,0,0,0,0,0,0,0,0,0,0,0,0,0,0,0,0,0,0,0,0,0,0,0,0,0,1,0,0,0,0,0,0,0,0,0,1,0,0,0,0,0,0,0,0,0,0,0,0,0,0,0,0,1,0,0,0,0,0,1,0,0,0,0,0,0,0,0,0
"143",159,1,2275086,471.16,89406544,342718,110,0,70,0,43,28,1701125,1,642,130314.75437957,217404.892219817,5523.20224309421,45869.1769605307,7403.79809477878,1177.94592712112,53179.47,38.4086635365239,2,0,0,0,0,0,0,0,0,1,0,0,0,0,0,0,0,0,0,0,0,0,0,0,0,0,0,0,0,1,0,0,0,0,0,0,0,0,0,1,0,0,0,0,0,0,0,0,0,0,0,0,0,0,0,0,1,0,0,0,1,0,0,1,1,1,0,0,0,0,0,0
"144",161,0,0,7164.28,0,670644,21,0,21,0,7,7,2893663,2,180,130314.75437957,217404.892219817,5523.20224309421,42090.1253732291,7403.79809477878,1177.94592712112,100,32.8375395285874,1,0,0,0,1,0,0,0,0,0,0,0,0,0,0,0,0,0,0,0,0,0,0,0,0,0,0,0,0,1,0,0,0,0,0,0,0,0,0,1,0,0,0,0,0,0,0,0,0,0,0,0,0,0,0,0,1,0,0,0,1,0,0,0,1,1,0,0,0,0,0,0
"145",162,1,1840780,1924.33,0,534272,192,0,192,0,75,28,2477176,1,145,18,8121.3904069637,227.113014160915,18,974.477541361504,227.570094379305,78262.02,22.196656195254,3,1,0,0,0,0,0,0,0,0,0,0,0,0,0,0,0,0,0,0,0,0,0,0,0,0,0,0,0,1,0,0,0,0,0,0,0,0,0,1,0,0,0,0,0,0,0,0,0,0,0,0,0,0,0,0,0,0,1,0,1,0,0,0,1,1,0,0,0,0,0,0
"146",163,0,0,816.38,0,1430637,1994,0,1994,710,3412,586,8424253,2,89,17435.6017340673,8121.3904069637,227.113014160915,9661.0332400419,2220.04512711228,499.970046233007,100,10,3,1,0,0,0,0,0,0,0,0,0,0,0,0,0,0,0,0,0,0,0,0,0,0,0,0,0,0,0,1,0,0,0,0,0,0,0,0,0,1,0,0,0,0,0,0,0,0,0,0,0,0,0,0,0,0,1,0,0,0,1,0,0,1,1,1,0,0,0,0,0,0
"147",164,0,0,633.34,0,968274,735,12,735,255,4086,540,6070812,2,194,318,8121.3904069637,227.113014160915,318,2012.78706517103,163,100,36.2186929639805,1,1,0,0,0,0,0,0,0,0,0,0,0,0,0,0,0,0,0,0,0,0,0,0,0,0,0,0,0,1,0,0,0,0,0,0,0,0,0,1,0,0,0,0,0,0,0,0,0,0,1,0,0,0,0,0,0,0,0,0,0,0,1,0,0,0,0,0,0,0,0,0
"148",165,0,0,71666.66,0,1161160,6,0,0,0,54,6,6993922,6,1846,155100.157546319,217404.892219817,5523.20224309421,42090.1253732291,7403.79809477878,1320.20217712112,100,28.7857359571588,1,0,0,0,0,0,0,0,0,0,0,0,0,0,0,0,1,0,0,0,0,0,0,0,0,0,0,0,0,1,0,0,0,0,0,0,0,0,0,1,0,0,0,0,0,0,0,0,0,0,0,0,0,0,0,0,1,0,0,0,1,0,0,0,0,0,0,0,0,0,0,0
"149",167,0,3687152,1092,0,683136,186,0,186,44,24,24,2926368,1,208,130314.75437957,217404.892219817,5523.20224309421,42090.1253732291,7403.79809477878,1177.94592712112,109.24,33.8002538143016,0,0,0,0,0,0,0,0,0,0,0,0,0,0,0,0,0,1,0,0,0,0,0,0,0,0,0,0,0,1,0,0,0,0,0,0,0,0,0,1,0,0,0,0,0,0,0,0,0,0,0,0,0,0,0,0,1,0,0,0,1,0,0,1,1,0,0,0,0,0,0,0
"150",169,0,0,459,0,1376066,91,7,56,11,19,17,8132933,1,404,130314.75437957,217404.892219817,5523.20224309421,45869.1769605307,7403.79809477878,1248.69735569255,100,45.1069552031905,2,0,0,0,0,0,0,0,0,0,0,0,0,1,0,0,0,0,0,0,0,0,0,0,0,0,0,0,0,1,0,0,0,0,0,0,0,0,0,1,0,0,0,0,0,0,0,0,0,0,0,0,0,0,0,0,1,0,0,0,1,0,0,0,0,0,0,0,0,0,0,0
"151",170,0,3104974,0.88,0,555909,182,0,182,109,245,14,2516272,1,243,110,76,37,31,27,10,50073.67,9.99,18,1,0,0,0,0,0,0,0,0,0,0,0,0,0,0,0,0,0,0,0,0,0,0,0,0,0,0,0,1,0,0,0,0,0,0,0,0,0,1,0,0,0,0,0,0,0,0,0,0,0,0,0,0,0,0,0,0,1,0,1,1,0,0,1,1,0,0,0,0,0,0
"152",171,0,4780055,934.23,0,531570,259,0,259,113,254,68,2472496,1,320,9893,8121.3904069637,1333.91701571492,9893,1538.62211123926,59,61491.58,30.1098159076005,4,1,0,0,0,0,0,0,0,0,0,0,0,0,0,0,0,0,0,0,0,0,0,0,0,0,0,0,0,1,0,0,0,0,0,0,0,0,0,1,0,0,0,0,0,0,0,0,0,0,0,0,0,0,0,0,0,0,1,0,1,0,0,1,1,1,0,0,0,0,0,0
"153",172,0,0,0.08,104707414,221773,1042,0,856,1,3871,117,1045925,2,866,3664,146,227.113014160915,3518,1461.79150961547,716,16124.42,9.99,6,0,0,0,0,0,0,0,1,0,0,0,0,0,0,0,0,0,0,0,0,0,0,0,0,0,0,0,0,1,0,0,0,0,0,0,0,0,0,0,1,0,0,0,0,0,0,0,0,0,0,0,0,0,0,0,0,1,0,0,1,1,0,0,1,1,1,0,0,0,0,0
"154",174,0,811338,332.92,62806761,207454,140,2,140,19,27,21,968779,1,698,6174,8121.3904069637,938.180355483256,3814,2159,190,106212.74,12.99,6,0,0,0,1,0,0,0,0,0,0,0,0,0,0,0,0,0,0,0,0,0,0,0,0,0,0,0,0,1,0,0,0,0,0,0,0,0,0,1,0,0,0,0,0,0,0,0,0,0,0,0,0,0,0,1,0,0,0,0,1,0,0,0,0,0,0,0,0,0,0,0
"155",176,0,599872,319.61,6258193,27415,235,100,235,215,44,31,130678,1,691,181469.258280279,217404.892219817,5523.20224309421,59429.9678696217,7403.79809477878,1442.1594011471,51642.62,39.8480161935287,0,0,0,0,0,0,0,0,0,1,0,0,0,0,0,0,0,0,0,0,0,0,0,0,0,0,0,0,0,1,0,0,0,0,0,0,0,0,0,1,0,0,0,0,0,0,0,0,0,0,0,0,0,0,0,0,1,0,0,0,0,0,1,0,0,0,0,0,0,0,0,0
"156",177,1,6119250,1923.79,33653787,92456,22,0,14,7,18,8,362374,1,3736,4643,532,227.113014160915,4111,260,571,50883.13,29,2,0,0,0,1,0,0,0,0,0,0,0,0,0,0,0,0,0,0,0,0,0,0,0,0,0,0,0,0,1,0,0,0,0,0,0,1,0,0,0,0,0,0,0,0,0,0,0,0,0,0,0,0,0,0,0,0,0,1,0,1,0,0,0,0,0,0,0,1,0,0,0
"157",180,0,1417081,13793.17,752506511,458566,4028,361,3183,1743,684,329,2199937,13,1783,1016,912,5,62,1131.96049109695,6,113387.02,23.0055030791493,4,0,0,0,0,0,0,0,1,0,0,0,0,0,0,0,0,0,0,0,0,0,0,0,0,0,0,0,0,1,0,0,0,0,0,0,0,0,0,0,0,1,0,0,0,0,0,0,0,0,0,0,0,0,0,0,0,0,1,0,1,0,0,1,1,1,0,0,0,0,0,0
"158",181,0,574090,14921.88,62341158,37616,1521,58,1233,325,1638,441,176935,40,628,1606,685,6,834,41,417,107717.66,49.98,13,0,0,0,0,0,0,0,0,0,0,0,0,0,0,0,0,0,0,0,1,0,0,0,0,0,0,0,0,1,0,0,0,0,0,0,0,0,0,0,0,0,0,1,0,0,0,0,0,0,0,0,0,0,0,0,0,0,1,0,1,0,0,0,0,0,1,0,0,0,0,1
"159",182,0,3302908,1961.21,0,593423,1274,104,1274,104,532,436,2587603,1,124,17435.6017340673,8121.3904069637,227.113014160915,8585.50170409419,974.477541361504,570.721474804436,100,26.8929861618561,0,1,0,0,0,0,0,0,0,0,0,0,0,0,0,0,0,0,0,0,0,0,0,0,0,0,0,0,0,1,0,0,0,0,0,0,0,0,0,1,0,0,0,0,0,0,0,0,0,0,0,0,0,0,0,0,1,0,0,0,1,0,0,0,0,0,0,0,0,0,0,0
"160",183,0,5546780,2056.19,721118560,364297,242,0,4,0,254,81,1822093,7,852,619,619,227.113014160915,6097.70783829332,423.481985805948,428.232299411115,27045.44,35.6219361456957,1,0,0,0,0,0,0,0,0,0,0,0,0,0,0,0,0,0,0,1,0,0,0,0,0,0,0,1,0,0,0,0,0,0,0,0,0,1,0,0,0,0,0,0,0,0,0,0,0,0,0,0,0,0,0,0,1,0,0,0,1,0,0,0,0,0,0,0,0,0,0,0
"161",185,1,553864,26521.05,25431740,35047,258,0,211,51,40,28,161679,2,474,42221.0049008165,22443.2418064182,1357.67045649336,8585.50170409419,708.159485805948,635.39671261487,86822.38,25.2308954068807,3,0,0,0,0,0,1,0,0,0,0,0,0,0,0,0,0,0,0,0,0,0,0,0,0,0,0,0,0,1,0,0,0,0,0,0,0,0,0,1,0,0,0,0,0,0,0,0,0,0,0,0,0,0,0,0,1,0,0,0,1,0,0,1,1,0,0,0,0,0,0,0
"162",186,0,0,1322.33,0,1532872,87,0,87,43,60,60,8964259,1,103,130314.75437957,217404.892219817,5523.20224309421,42090.1253732291,7403.79809477878,1177.94592712112,100,33.8002538143016,0,1,0,0,0,0,0,0,0,0,0,0,0,0,0,0,0,0,0,0,0,0,0,0,0,0,0,0,0,1,0,0,0,0,0,0,0,0,0,1,0,0,0,0,0,0,0,0,0,0,0,0,0,0,0,0,1,0,0,0,0,0,1,0,0,0,0,0,0,0,0,0
"163",187,0,775350,7489.48,0,683603,236,0,200,22,133,57,2927237,1,397,130314.75437957,217404.892219817,5523.20224309421,42090.1253732291,7403.79809477878,1254.72259378779,89231.12,31.207494198917,1,0,0,0,0,0,0,0,0,0,0,0,0,0,0,0,0,1,0,0,0,0,0,0,0,0,0,0,0,1,0,0,0,0,0,0,0,0,0,1,0,0,0,0,0,0,0,0,0,0,0,0,0,0,0,0,1,0,0,0,1,0,0,0,1,1,0,0,0,0,0,0
"164",188,0,6529391,7828.57,756759241,477022,135,0,135,128,154,133,2245498,3,341,3887,149,147,3738,26,273,30206.9,28.0313405574604,2,0,0,0,0,0,0,0,0,0,0,0,0,1,0,0,0,0,0,0,0,0,0,0,0,0,0,0,0,1,0,0,0,0,0,0,0,0,0,1,0,0,0,0,0,0,0,0,0,0,0,1,0,0,0,0,0,0,0,0,1,0,0,0,1,1,0,0,0,0,0,0
"165",189,0,8366626,0.6,383872144,346254,1700,0,8,0,2602,625,1722612,15,1503,17435.6017340673,8121.3904069637,227.113014160915,13732.777727486,1075.20532552498,953.945559163059,6343.78,107.9,13,0,0,0,0,0,0,0,0,0,0,0,0,1,0,0,0,0,0,0,0,0,0,0,0,0,0,0,0,1,0,0,0,0,0,0,0,0,0,1,0,0,0,0,0,0,0,0,0,0,0,0,0,0,0,0,1,0,0,0,1,1,0,0,1,1,0,0,0,0,0,0
"166",190,0,0,764.71,0,1015165,385,50,385,83,1288,166,6275177,1,215,153,8121.3904069637,227.113014160915,153,974.477541361504,60,100,43.8114385989011,15,1,0,0,0,0,0,0,0,0,0,0,0,0,0,0,0,0,0,0,0,0,0,0,0,0,0,0,0,1,0,0,0,0,0,0,0,0,0,1,0,0,0,0,0,0,0,0,0,0,0,0,0,0,0,0,0,0,1,0,1,1,0,0,0,0,0,0,0,0,0,0
"167",191,0,6225637,10573.28,0,557392,106,0,24,0,28,14,2518784,1,586,689,413,18,276,183,54,100,32.8172157190635,3,0,0,0,0,0,0,0,0,0,0,0,0,1,0,0,0,0,0,0,0,0,0,0,0,0,0,0,0,1,0,0,0,0,0,0,0,0,0,1,0,0,0,0,0,0,0,0,0,0,0,0,0,0,0,0,0,0,0,1,1,0,0,1,1,1,0,0,0,0,0,0
"168",192,1,872695,1437.01,56939168,154021,742,0,139,0,121,35,677302,1,1818,51798,12512,472,39286,1854,363,78262.02,73,13,1,0,0,0,0,0,0,0,0,0,0,0,0,0,0,0,0,0,0,0,0,0,0,0,0,0,0,0,1,0,0,0,0,0,0,0,0,0,0,0,0,1,0,0,0,0,0,0,0,0,0,0,0,0,0,0,0,1,0,0,0,0,0,0,0,1,0,0,0,0,0
"169",194,0,0,255,236921036,346421,4,0,0,0,4,4,1723630,1,600,1352,1161,8,191,423.481985805948,66,14390.66,32.3257552031905,1,0,0,0,0,0,0,0,0,0,0,0,1,0,0,0,0,0,0,0,0,0,0,0,0,0,1,0,0,0,0,0,0,1,0,0,0,0,0,0,0,0,0,0,0,0,0,0,0,0,0,0,0,0,0,0,0,0,1,0,0,0,0,0,0,0,1,0,0,0,0,0
"170",195,0,0,759.41,0,1119018,1068,0,1068,0,872,485,6781398,1,159,49,49,227.113014160915,6097.70783829332,974.477541361504,321.633345295056,100,37.8500557580279,2,1,0,0,0,0,0,0,0,0,0,0,0,0,0,0,0,0,0,0,0,0,0,0,0,0,0,0,0,1,0,0,0,0,0,0,0,0,0,1,0,0,0,0,0,0,0,0,0,0,0,0,0,0,0,0,1,0,0,0,0,0,0,1,1,1,0,0,0,0,0,0
"171",196,0,0,885.35,83634572,428731,568,0,1,0,114,107,2028986,73,572,17435.6017340673,8121.3904069637,227.113014160915,8585.50170409419,423.481985805948,583.744824232785,8194.59,7.99,1,0,0,0,0,0,0,0,0,0,0,0,0,0,0,0,0,1,0,0,0,0,0,0,0,0,0,0,0,1,0,0,0,0,0,0,0,0,0,1,0,0,0,0,0,0,0,0,0,0,0,0,0,0,0,0,1,0,0,0,1,0,0,0,0,0,0,0,0,0,0,0
"172",197,1,0,3806.9,0,948003,109,0,109,21,309,45,5977970,1,131,6037,4866,33,1171,974.477541361504,95,119.17,32.4455040189989,2,1,0,0,0,0,0,0,0,0,0,0,0,0,0,0,0,0,0,0,0,0,0,0,0,0,0,0,0,1,0,0,0,0,0,0,0,0,0,1,0,0,0,0,0,0,0,0,0,0,0,0,0,0,0,0,0,0,1,0,1,1,0,1,1,1,0,0,0,0,0,0
"173",198,0,0,1807.16,0,1433553,410,194,410,410,1800,211,8439700,2,75,17435.6017340673,8121.3904069637,1097.26624545343,8585.50170409419,1259.1550413615,631.615224804435,100,19.98,3,0,0,0,0,0,0,0,0,0,0,0,0,0,0,0,0,0,0,0,1,0,0,0,0,0,0,0,0,1,0,0,0,0,0,0,0,0,0,1,0,0,0,0,0,0,0,0,0,0,0,0,0,0,0,0,1,0,0,0,1,0,0,0,0,0,0,0,0,0,0,0
"174",199,0,0,2400,692782019,858359,6,0,0,0,1,1,5262952,1,502,130314.75437957,217404.892219817,5523.20224309421,42090.1253732291,7403.79809477878,1177.94592712112,11553.07,27.101962147635,5,0,0,0,0,0,0,0,0,0,0,0,1,0,0,0,0,0,0,0,0,0,0,0,0,0,0,0,0,1,0,0,0,0,0,0,0,0,0,1,0,0,0,0,0,0,0,0,0,0,0,0,0,0,0,0,1,0,0,0,1,0,0,0,0,0,0,0,0,0,0,0
"175",200,0,5737100,949.3,0,654364,34,0,34,0,10,10,2873557,1,145,2473,465,122,2003,939,156,66764.89,19.5837323857302,2,0,0,0,1,0,0,0,0,0,0,0,0,0,0,0,0,0,0,0,0,0,0,0,0,0,0,0,0,1,0,0,0,0,0,0,0,0,0,1,0,0,0,0,0,0,0,0,0,0,0,0,0,0,0,1,0,0,0,0,1,0,0,0,0,0,0,0,0,0,0,0
