a1, a2
-0.803147932966, 0.622367033669
0.0419689800066, 0.305989843514
0.552303435214, -0.42459119901
1.62575780308, -0.283747305541
-0.436645897118, 0.918911689905
1.8849002616, 0.0304312711112
-0.518319901862, 0.878112058613
-1.00240666912, 0.0679234983649
-0.0726009264498, 1.03493138512
1.04074912293, -0.54137390868
-0.821920327753, 0.643724965856
0.355826394261, 0.90734791515
0.553870162961, -0.358511182263
0.781912396542, -0.432190508779
1.86125768875, -0.141198974378
0.150643449563, 0.971324203011
0.974045242665, 0.157492450147
-0.451335258455, 0.845512483967
1.19937549659, -0.464068436059
2.00159762377, -0.0526824944571
2.05150730412, 0.121696412813
-0.272672744886, 0.982715419568
0.595883662538, -0.367049220137
0.906905401618, -0.467292435735
0.578119985376, -0.320799630799
0.949225178195, 0.446127628153
0.887970015237, 0.625155546536
0.128912127877, -0.232336000172
0.533493660388, 0.955221396534
-0.0509992647788, 0.397434373642
0.674264095438, 0.81800267509
0.617256721622, -0.332160954324
1.02866443756, 0.317452086392
0.77839600039, -0.480135017739
0.799832398216, -0.511026105542
0.146237739514, 0.0919926644677
-0.679600407287, 0.842455927442
0.872101323312, 0.47635943757
1.98546525002, 0.368890015715
0.770313484588, -0.495983988798
2.0330889591, 0.300084834204
0.798755769968, 0.622524699663
-1.01972158435, 0.0291975262127
2.16300323176, 0.507682970059
0.705139432477, -0.51204971176
1.87503171221, -0.00770419193028
0.490279145049, -0.366603357972
0.219094663773, 0.988058336399
0.815839544934, 0.589560875956
-0.00779840860973, 0.173167488113
0.660581354425, 0.824725294057
-0.032361516446, 0.386562973378
0.0766402882611, -0.0663199323675
0.521025568925, 0.873937765486
0.0299512977036, 0.149632385685
0.865004680761, -0.622238084051
0.596154335464, 0.715135739791
0.499517102925, -0.543010129126
1.84602421722, -0.0824183601445
1.13634899777, -0.545307895018
0.603821011885, -0.389880184009
0.377938386302, -0.24460060606
1.41571908237, -0.411313627146
1.5037636419, -0.348744842729
0.261275950027, -0.146018507376
1.98863974569, 0.172140793594
0.00532141240007, 1.02054946135
0.278164795173, -0.192250113205
1.12139741533, -0.455489535238
-1.01317637672, 0.0971814558356
-0.731345943562, 0.659410549129
1.11331239968, -0.554835217663
-0.877688258512, 0.497205440373
0.600566756289, -0.410387483442
-0.677933568692, 0.760216726847
-0.843961814864, 0.508574580329
-0.32494881001, 0.89393334174
0.493147371733, -0.467523830998
1.56036172042, -0.350949227311
-0.952570020494, 0.363653483591
1.46407616322, -0.386819040388
-0.30063592307, 0.995088135851
0.443767758348, 0.86581110566
0.129728151272, 0.0120882025957
0.324989719608, -0.108713275007
1.17675345428, -0.477406707607
1.03348463554, -0.552483174003
-0.140817902436, 0.900698360147
0.948742239823, 0.329280028768
-0.929333432567, 0.378731669861
1.76523119188, 0.0695929639461
1.95734908071, 0.287091496882
1.59967693371, -0.344779890228
0.708092836485, -0.319806870727
1.70886342945, -0.104396956365
0.840790059345, 0.488298249945
0.556534139517, -0.377122637812
0.205137683715, -0.0833057438039
-0.0409559999369, 0.416280882581
0.336903586248, 0.919174567295
0.644953775034, 0.767554478203
-0.0238701623026, 0.419952748687
0.257257322803, 0.993282269191
0.302234065985, -0.278746843854
1.72861743997, -0.123771789072
1.79868768535, -0.00050829089729
1.21150093695, -0.449180801014
0.986236907574, 0.0446115646549
0.370749828568, -0.294596145251
1.47843501666, -0.457661666687
1.03883799874, 0.0916395081485
0.822343760732, -0.479114615719
1.1774439739, -0.460291675154
0.743127312037, -0.493127669418
1.02819404327, 0.0393423688806
1.01796601313, 0.18578300308
1.84302161629, -0.17638853668
1.30920235517, -0.429488757448
-0.578807271287, 0.865788157655
0.884351512825, 0.405046392679
0.648453205157, -0.40099816995
-0.659470269076, 0.760078288469
0.957765727242, 0.335009214328
0.935465859986, 0.502860155517
1.72228007539, -0.152572031964
0.167892356651, -0.0416201736272
1.97655391853, 0.0606985463297
0.856325272526, 0.665759983907
-0.270179850664, 0.896175834022
0.0892210292184, 0.176714187403
-0.134876144398, 0.98567183389
0.563620310358, 0.795555578897
0.922708750912, 0.481119879072
1.67601387114, -0.0912688002124
-0.633674238902, 0.772059241773
1.69098762725, -0.109486490296
0.362184053253, 0.934636345137
0.0850421417738, 0.141335502245
-0.837573025522, 0.641385249751
1.81528956409, -0.132311772615
1.7221044869, -0.260566087356
1.03341317525, -0.426452126633
0.308582570443, 1.08377410724
0.589441660342, 0.859216743459
0.475346072902, -0.449186529529
0.75999906111, -0.411420014601
1.85061588483, 0.0127248817586
1.02387808457, 0.329804701831
1.10751082162, -0.482503049861
-0.397147284832, 0.898184643675
-0.128636274848, 0.362063642341
-0.846440573255, 0.473139187854
-0.517268228568, 0.886987621522
-0.000724471071873, 0.183555509553
-0.687611475156, 0.765713175263
0.976951558143, -0.501811927232
1.87592851557, 0.0730564623994
1.18936867386, -0.498740031527
-0.86835480715, 0.378038659954
1.87760015478, 0.227822940082
-0.47029190372, 0.858732831141
0.99738810474, 0.201564712974
-0.913281291206, 0.414370201638
-0.929282670356, 0.319938397682
1.4676726521, -0.306396788079
-0.213760640209, 1.01016567082
2.00569864728, 0.345253555891
-0.835296817805, 0.415121152585
0.933703523832, 0.418752846854
0.576715055822, 0.853342670712
1.06665394974, -0.476158288231
0.303920177039, 1.04810230586
0.0716340685587, 0.143020065822
1.9516634436, 0.0733058198873
-0.865676267196, 0.505449480829
0.149383245145, -0.0215208411149
-0.390866966971, 0.909851738532
1.75334972202, -0.209805371667
-0.82719505378, 0.572842246028
0.710923569112, 0.774844994839
-0.940448197333, 0.296315632874
0.0367926341688, 0.307247690401
-0.551898441265, 0.834574543205
-0.8295001527, 0.578659678173
0.866984600318, 0.414056026122
0.0140642419366, 0.0874082634686
0.186375057525, -0.125014088377
0.627942659688, -0.410591380477
0.344975392683, 0.965222384084
0.673040469004, -0.513753828973
0.357699801196, -0.325683363903
-0.670585292531, 0.664972660932
0.321996649043, 1.02392056322
-0.983441605614, 0.113113578654
-0.131439485254, 0.994841557538
-0.441315953617, 0.801976660151
1.36609888057, -0.446491810113
0.127883785266, -0.0195882212237
1.34721452656, -0.3999975566
-0.000163463540338, 0.14333822088
-0.0768707047423, 0.351246079983
1.683919995, -0.225547061197
0.0332531034218, 0.352250006707
1.92982537272, 0.4718068274
0.69587469058, 0.647079402261
0.969803005079, 0.15028406454
-0.0245743361544, 1.00284309576
1.2640376535, -0.412323427605
-0.343863080633, 0.917288457764
1.87246922644, 0.0809645669947
0.598056596013, 0.779358227889
-0.864706571424, 0.659934756817
0.393785053477, -0.214381801276
-0.431486368293, 0.947692069991
1.03952305326, -0.0352379959836
-0.916998143232, 0.532626045826
1.2391945028, -0.49912171921
0.324256293904, 0.848454734773
1.50683875311, -0.353401028934
0.0145150751545, 0.297024070942
1.95418187557, 0.425696451776
1.83290597114, -0.0623824848504
-0.967947808437, 0.399801189654
-1.01129976688, 0.20632975476
-0.930849317432, -0.0440142315665
0.36518491862, 0.854574274268
-0.405864263211, 1.06536543987
0.273559385263, 0.977682972414
0.749406396391, 0.666718736311
-0.0201359570592, 1.04871547227
-0.538739725314, 0.822466731637
0.0193000100881, 0.530583421179
-0.125790760293, 0.980423486662
0.692669731499, 0.713750241792
-0.979116074661, 0.0580136696745
1.3940269145, -0.47581922973
0.969238186368, -0.444552614878
-0.0188075292931, 0.191701673091
0.744685907758, 0.747497809893
1.69966524905, -0.246686441902
-1.03291739047, -0.045008188883
-0.00237299080855, -0.0256582559555
-0.580789669091, 0.844209765708
0.643571896667, 0.804448219703
0.879824986961, 0.446268211168
0.825718044128, 0.649269911604
2.00045999571, 0.324404197879
0.124619824004, -0.0667329659221
0.692650043695, 0.7025074406
-0.634478779578, 0.91433297754
1.05873945658, 0.186950391079
0.868928164152, 0.183678113413
-0.980481811071, 0.358168368904
0.0153616493638, 0.479885975554
-1.01237400463, 0.174963382729
-0.921521118046, 0.539483563465
0.826193484248, 0.579808243366
-0.971343517362, 0.104691354132
0.409795961759, -0.26125610196
-0.951208128403, 0.0459402905706
1.99956991433, 0.300351023318
0.347359141635, -0.131410991477
0.764308709518, 0.655288943782
-0.393126320186, 0.891338381591
-0.512637203309, 0.925263491035
0.0192140766223, 0.971004167852
0.271801976007, -0.0591950090875
-0.753483044545, 0.648801804209
-0.966060801734, 0.177572717939
0.561872749257, -0.36152491299
1.70623171649, -0.0876821198595
0.721718137769, -0.438553365144
-0.988008048032, 0.446584653769
0.342431756701, -0.270844580861
-0.56694058137, 0.79361756667
-0.281550854344, 0.917731235451
1.83003357041, 0.0781724124043
1.92770528413, 0.0352646100678
1.99562612089, 0.480439642106
0.804923461414, 0.508429205822
-0.684518581735, 0.751757922252
0.0789281088864, 0.374435560376
0.90127825952, 0.283647868977
0.827784980734, 0.626265554628
-1.10914452005, 0.04508517481
0.287479812519, -0.262742256767
1.99946686423, 0.319331695794
2.02578651922, 0.318084870871
0.149483004867, 1.04494363897
0.218074845201, 0.973435976347
1.45292532174, -0.33241582592
0.437319103212, 0.882482414557
0.944091233568, -0.418741156463
-0.765886650153, 0.664410149045
0.816357942081, -0.467424742228
0.949328077267, 0.334112301989
0.259615756169, -0.0320486806528
1.67814347841, -0.202908377568
0.555713995052, -0.376363259269
0.918948646507, 0.43665398137
1.99182047612, 0.411092172952
0.42192789346, -0.291038022886
1.17951664959, -0.420653791226
0.185486272036, -0.0174709267249
1.94380529724, 0.408191796084
0.372480622983, -0.273944517025
0.0229753476933, 0.241204860297
1.00537445056, -0.00441201562323
-0.855668094098, 0.472984351276
-0.636510555053, 0.723237081567
1.80979971384, -0.0898591330123
0.406951942814, -0.352610484376
1.07164464697, 0.101650835238
0.295279069881, -0.0602120242504
0.77550837166, 0.64380719869
0.260402222375, 0.99330205329
0.455623241119, -0.336290696769
1.29529046759, -0.5076604498
1.95705341079, 0.299485220481
1.76981470208, -0.253056952221
0.680493147822, 0.675577993629
2.00806749799, 0.304314063801
1.5928086003, -0.424750243386
0.0593069375078, 0.337490325819
-0.251334476458, 0.912206539898
-0.228151386217, 1.02790973247
1.89113987646, 0.0663542497696
0.747560821683, -0.607487346245
1.07219227229, -0.466709969058
0.808020766872, 0.598999939073
0.920020429607, 0.0494636108478
1.33683558798, -0.444750211732
0.213541829881, -0.0811860368279
2.03465829132, 0.251639744023
1.31745895514, -0.401955923928
0.0701726526367, 0.32466334317
0.290879307183, 0.974751050237
1.72637730146, -0.26054836123
-0.838924452861, 0.543023693082
-0.938871192524, 0.375175992795
0.0145603965851, 0.330627077832
1.03910456389, -0.00161753107675
0.734680485848, 0.686752229538
-0.160441555752, 0.906331107168
1.94272386206, -0.0657755799803
0.994658578131, -0.480887256641
0.908771444811, 0.424554578218
0.127751918142, 0.126403154882
1.34889416382, -0.457279727627
-0.0949734947911, 1.00208470871
0.505814298772, 0.755725593253
-0.274769241719, 1.03968311195
-1.07171189778, 0.0226116488974
0.877700913499, 0.530501838647
0.0417194745384, 0.223260480524
-0.928424115202, 0.0798572360376
0.851326793762, 0.503096514588
-0.363209076851, 0.87300550203
0.891505200068, 0.537737617036
0.945659031812, 0.0275027472069
1.02947398332, 0.138297865851
-0.981640128219, 0.418487476955
1.37297132131, -0.423300342245
1.82435766559, 0.173764946808
1.39002855009, -0.360937374706
1.5867186508, -0.286375481504
0.632606425922, -0.41842894559
-0.396624758338, 0.960733350238
-0.578443690593, 0.892071537606
-0.615126470849, 0.821479332105
-0.792589501182, 0.596075272217
-0.454045248119, 0.875202542594
0.0670143862303, 0.355865440946
-1.05303306151, 0.100842168215
-0.825071570164, 0.534770030939
-0.362895082579, 0.960641351737
-0.853810152179, 0.558426117853
-0.456214633743, 0.830871956133
1.34434315747, -0.471641032819
0.539811082676, 0.790795400357
0.877456951197, 0.515565955824
-0.112769125751, 1.02053489626
-0.429215074703, 0.899817489286
-0.425998395138, 0.792692565892
0.172045631427, 0.843490241639
0.0913888802701, 0.201348481696
-0.943709324916, 0.312016214609
0.477586048578, -0.46056945344
0.912412596139, 0.240931787242
1.99149711699, 0.245466176236
0.120076807163, 0.937906904616
0.151635733954, -0.172434586311
-0.562239531418, 0.824729207918
-0.937353330844, 0.169414703184
-0.805946414572, 0.539378793315
-0.196896355043, 0.965594234271
-0.000450446519816, 0.403398671768
-0.952298527424, 0.0226662948942
-0.000508255527108, 0.997011589887
1.89488981542, 0.109916730881
0.658672359949, 0.839318913173
1.09866706417, -0.451401486984
1.80637410973, -0.133758470979
-0.302457198433, 0.89063808349
0.621648437473, 0.68105418864
-0.785683557479, 0.815441579575
1.28253931856, -0.404811916933
1.55527107975, -0.292502527672
1.71621049297, -0.180937700867
1.56691362317, -0.378969534387
-0.221648110341, 1.06567352864
1.05291692421, -0.503525179337
1.47066698541, -0.233651464199
-0.27953817433, 0.93918480745
1.25602358253, -0.419203924233
1.24961869373, -0.44535460177
0.227928655659, -0.119445479427
1.57751489893, -0.149710186066
0.935140350615, 0.282898543394
0.24189088382, 1.01586034155
-0.654347323244, 0.706567893615
-0.0542792333009, 1.02980173871
-0.874438874412, 0.525881915579
0.0634654008484, 0.933579392527
-0.179978646254, 0.898019340974
0.129829218864, -0.149353369109
1.09374074371, -0.584431833743
-0.785881994043, 0.559861845532
-0.95680936013, 0.277266581935
-0.686047212239, 0.716494070752
0.834904533057, 0.509022569678
0.83992130919, 0.377061120875
0.765990608701, 0.571495241936
0.74975243528, 0.591694134207
1.89056194792, -0.040061340837
1.35818669116, -0.53412086192
-0.935203496617, 0.48096781149
0.391830650989, -0.150312288982
0.698084678222, 0.606098599174
0.445850103606, 0.922875045
0.134449988032, -0.161451733316
0.046202420829, 0.487718161308
-0.94948288035, 0.16882657398
1.14869032951, -0.500137378897
-0.476023371267, 0.888469753583
1.46565680733, -0.390190759399
-0.286261651491, 0.938364256893
0.923291108827, -0.458059353339
0.0252717782157, 0.926220705643
1.066936407, -0.524781899059
0.514768415195, 0.919780231252
1.98511990961, 0.19365467542
1.98602780795, 0.370613844367
0.86793402865, -0.5273403455
0.830326925191, 0.457846282626
1.91304198256, 0.0406251275553
1.85180136028, 0.0310043731715
0.0219580561689, 0.394359143304
1.93023138856, 0.183893252593
-0.891490308385, 0.279322718007
0.454669636043, -0.326748151346
1.10750246004, -0.473843352935
1.00656372464, 0.344226094373
-0.0824677719497, 1.07006400237
-0.733146690716, 0.688681846206
1.90906224019, 0.00983224821345
0.394007836083, 0.955394763661
0.783588436551, 0.647526857676
1.9898842015, 0.556009858332
-0.745180870247, 0.764678498648
1.63714631423, -0.321902042711
-0.745609594698, 0.722743674346
-0.746631034828, 0.651136377655
-1.05999196388, 0.00789284828928
0.262937307789, -0.102046206429
0.894801769486, -0.473944310525
0.450067800491, 0.813466120782
1.00752249563, 0.370918837176
1.92487288276, 0.24949139594
1.94920452486, 0.293666056022
-1.00393017079, 0.0834882722405
-0.901301273739, 0.234718192566
1.71553537942, -0.284688917327
1.70535812885, -0.161210392736
1.04588266641, 0.0264028476185
1.59536436166, -0.255809762624
0.0626129421401, -0.0653427063368
-0.60222476407, 0.799753069901
-0.0239691177982, 0.387735378038
-0.658106517068, 0.824803153978
0.506544199701, 0.881715600889
1.90689672703, 0.312175291834
0.121490457843, 0.968898535204
0.101050158188, -0.172583294017
1.0201472344, -0.55861520098
-0.276066347357, 1.00870061599
0.0418891645464, 0.330662984812
0.898958448551, 0.432751223594
-0.216581076022, 0.95292081008
2.01376726263, 0.486427220513
-0.749518528609, 0.672008008577
0.275520817176, -0.23066722764
-0.889231853448, 0.308172361553
1.605612327, -0.345297931563
0.00906772101146, 1.02038294732
-0.129879865515, 1.03749038978
1.79112290826, -0.157006688758
0.845305757391, -0.536639452478
-0.922800675834, 0.240174845586
0.0907922970753, 0.967677042266
1.87390835699, -0.102802432241
0.592204610385, 0.720997352611
-0.472071585967, 0.954680848247
-0.00454856301672, 0.391440957582
0.862533405419, 0.49674758765
0.0454414670162, 0.204029762403
0.135020533429, 0.944964455315
-1.03909640406, 0.240418339094
-0.719338454254, 0.717355262369
0.326995476787, 0.840117411872
0.0319942322799, 0.981735431934
-1.0157817362, 0.239194497953
-0.0171386956987, 0.219081784215
-0.928468933494, -0.00852614851412
1.65925570322, -0.359860617093
0.0377029536111, 0.269387157674
-0.972427310169, 0.323969973655
0.060880486597, 0.936158995778
1.93790521317, 0.478637687663
0.436817994843, -0.349914484822
-0.0899100980912, 1.00784626419
0.538121391092, -0.33059358168
0.901673128508, 0.0452241842517
-0.875515524857, 0.460785628704
1.47226947423, -0.347301559312
0.584951298171, 0.779703275291
0.315670792126, 1.00718021957
0.918879708351, 0.530278433096
0.778678138287, 0.717730623025
1.99035111789, 0.219913998334
0.854124625849, -0.480001189424
1.41708526558, -0.351269281371
1.59889957532, -0.388351424354
1.31476802206, -0.462194165591
0.727541316344, 0.662263139462
0.38250122385, -0.352509202427
1.19794419168, -0.48910490374
0.601579232397, -0.436478222567
0.0156129649623, 0.246187586037
0.777511792953, 0.522905658215
0.25411482301, -0.0336277944029
0.295171847887, 0.963564940071
0.160295945445, -0.0137646491426
0.331628647932, -0.361949429297
-0.972535462741, 0.516639070027
0.883432738427, 0.302156703129
0.667112844074, 0.783256166561
-1.01668760916, 0.408896625897
1.33756132863, -0.379812885012
2.01813225446, 0.363689700364
-0.84655596202, 0.47723951438
0.0246440738008, 0.0760000594019
0.905898016838, -0.47204082545
0.0763139205425, 0.0916223748961
0.0656680936114, 0.232655393804
1.87590868842, -0.204428202781
-0.394187816755, 0.900541797412
-0.263910817792, 0.983900325186
0.48958970639, 0.77045424503
0.356418800644, 0.913079781055
-0.323690499869, 0.907477463928
0.638986662265, 0.754657066314
1.81595552027, 0.139381048873
0.483642942828, -0.339077158714
0.516239907787, 0.941145246308
-0.663843412318, 0.782535309758
-0.630373945877, 0.822949103769
0.190799704875, -0.0893736832338
-0.103195566055, 0.480806475833
0.2441778251, 0.981786608254
0.561815758771, 0.756273161787
-0.972194579174, 0.217172941099
0.13132906175, 0.191170753472
0.119758549991, -0.0905142802203
-1.02486133624, 0.120211723019
1.5266260001, -0.274281208597
-0.317902743955, 0.82095776178
1.04869860725, -0.506667896865
-0.761232580596, 0.612629757624
0.0870600457763, 0.133919370024
0.317166379482, -0.20906558049
1.29798334627, -0.514193779363
0.0842845775267, 1.08882135394
-0.680937118138, 0.707832436894
0.0179521252635, 0.177163880592
1.45684568169, -0.385680243827
0.139049135711, -0.00725126692268
0.534255275089, -0.437626026318
0.729927276291, 0.667581188493
0.247686907578, -0.220509737826
0.976966778921, 0.0303066515318
0.305330985357, 0.935842332107
0.108176523937, 0.0196113497871
1.97916154443, 0.442471042818
0.558881563584, -0.333943055213
-0.977147315501, 0.384076470106
0.845969258936, -0.519377903221
0.228856094926, -0.183438563297
1.00946572287, 0.065269437555
1.79920215723, -0.0315473455784
1.15587997418, -0.545198711233
-0.0147695013655, 1.03779433787
1.33289808378, -0.471871715509
-1.04818118607, 0.0874007566581
1.92314040006, 0.337487443858
-0.935732434932, 0.113880444487
1.95945349706, 0.22646272955
0.95098033946, 0.259096090139
0.416917222396, 0.869556967921
1.53606845643, -0.320369054487
1.74704518764, -0.0412836398648
1.64734657616, -0.285349619373
1.65789571831, -0.203043947308
0.998241274962, 0.462765246487
-0.92677429003, 0.395616618318
-0.0364984948871, 0.452551536665
-1.05084017083, -0.0540243487089
-0.0438662286736, 0.395275335152
1.96769179214, 0.318861120605
-0.742326058972, 0.620300465326
0.484661120238, 0.871519842376
0.135004735572, 0.976164680225
0.878749954219, -0.437675159573
1.31148939839, -0.399313982379
0.859310998599, 0.297153909319
1.20070503549, -0.443045353582
-0.211531143441, 1.02398779127
0.0852586325662, 0.10607183542
0.345507068322, 0.968103169247
-0.347372958277, 1.09062414406
1.41662343166, -0.396005701675
2.07308281753, 0.222564083358
0.674856310683, -0.491688607572
0.947396625109, -0.546714700359
0.267836715291, -0.136477063496
-0.965632443889, 0.314795649316
1.00269190877, -0.550876341598
0.687410136901, -0.436413021765
1.74974515414, -0.138722009088
-0.206460251466, 0.914627625518
0.551597147353, 0.884500013894
1.19510321417, -0.425766292602
-0.643628422176, 0.7850526087
-0.797406578765, 0.553515590584
-0.839111318247, 0.646465209626
1.94261468514, 0.215549295909
0.685884716928, 0.70156877563
1.89344678858, 0.178217613986
1.91722103369, 0.202591435758
0.29285470336, 1.02830340056
-0.95818756501, 0.0606120950416
-0.947116888306, 0.391708093152
0.89013420181, -0.0123117424942
-0.324780429633, 0.948111501983
-0.707863286858, 0.594334491956
0.785241066266, 0.551442179865
-0.0206468103823, 0.922549649887
1.88793052773, -0.093686419387
1.6227509276, -0.15903861286
-0.946438024727, 0.0630186958062
-0.259522894519, 0.886452471192
1.0134491452, -0.573856828412
0.566793682961, 0.828619837247
0.42884639047, 0.990197088255
0.223237216303, -0.134111500053
0.520447398313, -0.382746218583
0.465037463497, 0.804490623246
0.856667376821, 0.471802446742
-0.797574487386, 0.577363282895
-0.913055743988, 0.242854121833
0.0132834235989, 1.00328211802
-0.818095051098, 0.67565313114
0.547967228305, 0.835892612272
-0.668663981415, 0.594525623432
-0.322164502311, 0.90902287949
0.910386888493, 0.13514601656
1.98902440258, 0.346487747199
0.0522111512248, 0.144478870004
0.682874944505, -0.357511763847
1.70181004946, -0.241143031765
-0.934279730732, 0.0786782349523
1.90470199092, 0.502658452285
0.00759589545259, 0.366442423629
1.98718104977, 0.323745704645
1.36205074226, -0.440834334024
0.597570748749, -0.537054711451
1.98910757083, 0.486209345588
-0.981819967002, 0.347235443891
1.16032205412, -0.5531942671
0.617630756364, -0.391584722783
1.90464293213, 0.0631349728367
0.927531540239, 0.232750355954
0.295240693349, -0.0861657271309
0.279750984705, -0.165038711694
0.331284467866, -0.235409785421
0.910593325387, 0.104004072919
-0.564331325434, 0.825432898293
-1.0380463985, 0.222580912447
0.203157408486, -0.141056343422
-0.630629499376, 0.749909829783
-0.701901332885, 0.731501903005
0.907114688783, 0.117299619324
0.178326121029, 1.00074996105
1.02085127324, -0.549664256991
1.34985024209, -0.413408604799
0.0530960597869, -0.0140146906546
2.01740697942, 0.532433989463
0.890213976571, 0.450952744704
0.710409266003, -0.449183592557
2.01055109333, 0.447779143741
0.806481963614, 0.559864335114
0.442875761702, 0.85696243054
1.03494883455, -0.48429668928
-0.934240587866, 0.313670986475
0.199715618865, 0.0111727618259
0.0790236298918, 0.952426249829
-0.252513633585, 0.99519430336
0.455656130126, -0.254960266266
-0.591615386179, 0.74297215533
0.498917719379, 0.850798760891
0.321788228235, -0.28192513537
1.99913450798, 0.262090449606
0.389190521463, 0.890699780933
0.307189625863, -0.384895343756
-0.802728925521, 0.523200566974
1.8927367814, -0.0528471660883
1.67171364635, -0.203758565015
0.663896181379, -0.439852878028
-0.665175317524, 0.728482628226
-0.954900646506, 0.364787138996
-0.949084881381, 0.0919124015272
0.661524845995, 0.800098515617
0.762900656549, -0.469734442965
0.699788050217, 0.685655312188
0.389549402149, -0.350589761316
1.45183965021, -0.385856968881
0.323825380201, 1.01473460261
0.0615872319031, 0.176572886979
1.9089630459, 0.0169936251184
0.637794836378, 0.780892783661
1.13754707671, -0.413714048585
-0.478786954581, 0.886504851675
0.630938019404, -0.355092277537
-0.82637852666, 0.419421601164
1.31021727267, -0.407053755337
1.06307494236, 0.0148530929721
-0.314910303384, 0.894694310767
0.0949159876184, 1.00425625385
1.18091675619, -0.44950252824
1.10119303561, -0.591867484252
0.0174386867177, 1.00574457754
0.581506662712, 0.716008619481
1.74153262969, -0.148750589782
0.608684317576, 0.871126310907
-0.85416821254, 0.447410151516
-0.555034848181, 0.780565538333
0.986204458529, 0.393416293726
-0.896249261552, 0.374379643048
-0.998418814998, 0.0786138107119
0.552490174652, 0.825259350175
1.40178612382, -0.442026819067
0.979878997805, -0.00786511391135
1.20777608235, -0.484474389621
0.0429903686641, 0.290305616264
0.0599206482755, 0.529951060758
0.710793709323, -0.525286075664
0.317894552964, 0.836150828918
1.91259532776, 0.213903525602
0.497668762693, -0.390440820741
0.780172980148, -0.57149349655
0.167994188524, 0.207737209766
1.88034616172, 0.105466831821
1.57442565273, -0.266854230274
1.73543463604, -0.0798532157285
0.139199725338, 1.02487502667
0.537067904807, -0.25727295412
-0.559643451718, 0.832524181949
1.05530206281, -0.466082637856
0.398626081581, 0.921095709896
0.218473014586, -0.158139504041
0.559816660778, 0.686239533181
-0.251282254872, 1.01715502681
-1.02847262525, 0.197763805543
-0.759446640759, 0.722055916214
-0.336181475892, 0.960032337296
-0.0507077915646, 0.395352097186
0.595750803177, -0.535424382956
0.954484890579, 0.317317547361
0.493419550546, -0.304695577216
1.33563727103, -0.422135065115
-0.878750265757, 0.468942828502
0.954478047821, -0.510763738719
0.277221876989, 0.909756262754
0.581801148712, 0.786919337844
0.547833018177, 0.716332238923
0.0276553740749, 0.147392188047
0.152044852427, 1.12459028489
0.349593148223, -0.257007271036
0.789100208603, -0.497144529343
0.756541063465, 0.715849258671
1.45250330189, -0.416328132473
-1.00095826849, 0.220557707486
0.841258874021, 0.405166329201
1.9989813355, 0.448534955794
1.97089224627, 0.210227015481
0.114122434581, 1.04456165609
-0.302819896105, 1.11483217318
-0.328768037516, 0.885620812156
-0.498215383309, 0.878836902471
0.316071269709, -0.316989479674
0.994726115749, 0.129246647918
0.89552811702, 0.532361070522
0.239310719193, -0.266681495062
1.37787975594, -0.42921841564
-0.899256945656, 0.274150043684
-0.584956126426, 0.830752179382
1.25635766178, -0.439606237337
1.49786187807, -0.248936957259
2.03026072868, 0.474212165811
0.0467120872619, 0.0321455348231
0.183463995964, 0.988959425333
0.468781471217, -0.224285718176
0.826027056686, -0.417448759402
0.0993612772971, 0.0608829692759
1.82612156965, 0.181546242506
1.78600703161, -0.278284695884
0.083423812443, -0.0692387991897
-1.01846564945, 0.219762881235
0.311323314102, 0.986151250075
0.777078672885, 0.753033677716
-0.29959305171, 0.997195668252
-0.742612544444, 0.643674242022
2.01953680957, 0.4303900496
1.67878367501, -0.265459034381
0.643750887688, 0.809405919803
0.986448796208, 0.159746583656
-0.246669977347, 1.04722173875
0.555732129084, 0.853149011808
0.87035606309, -0.462310032371
-0.559660692089, 0.892910930613
1.54042811953, -0.316764250022
1.82573572237, -0.0471401779592
-0.966134767475, 0.366707337371
0.0418287174924, 0.248948689463
0.137248345097, 0.950309199302
-0.903788162516, 0.509302236462
0.0464708258937, 0.443382160329
1.0737782272, 0.0653278842052
1.98137840446, 0.445341430163
-0.89721947342, 0.34857162006
1.89485731744, 0.268201485866
-0.906089520468, 0.393887463189
1.92809889808, 0.166687618323
1.72932235583, -0.263464066497
1.50807052682, -0.379780077107
0.454162109686, 0.895094148418
-0.581939426146, 0.870715089697
1.56304471336, -0.265493509441
1.0042373914, -0.490440288773
1.37950730173, -0.468996687084
1.21644866451, -0.43492512741
-0.655866464864, 0.768521930253
2.03529659282, 0.458466542574
0.937767860564, 0.419567929328
0.417878580422, 0.906446097784
2.00569253169, 0.230771157591
0.815594045098, 0.694819291876
0.622936786422, 0.758097696795
0.722955702101, -0.437395189491
1.37194501159, -0.380852185417
0.577582962065, 0.739863092418
-0.833019972664, 0.623330622901
-1.06360465871, 0.163661981741
0.983899441551, 0.263591832746
-0.0475422251313, 0.327371607677
0.561160291174, -0.46869099424
1.42755886631, -0.453060044946
0.804171274561, 0.553375129194
-0.995529837616, 0.114406479095
0.989562465793, 0.125088830604
1.39555188332, -0.438686873635
1.89489520219, 0.275743194737
-0.418560781113, 0.988648389634
1.95265934837, 0.425634992761
1.06442105022, -0.563928209704
1.61075926106, -0.430128168614
1.19864776263, -0.440622239345
1.69814263405, -0.117044862567
0.953988672473, -0.515245400656
0.252759336435, -0.280414887844
2.0346728204, 0.349904596879
1.59494102373, -0.283914395901
0.0561510047333, 0.189451446635
-0.624058369139, 0.809285996916
0.465502689542, 0.952150019676
0.0394007167993, 0.497520148849
0.495956988392, -0.330504593315
-0.900171675574, 0.462253855722
0.35400565163, 0.881483575446
1.60234611054, -0.354002032389
0.85439185686, 0.620029391149
0.893570885846, 0.387759589247
1.06239992533, -0.476643296508
-0.781127158174, 0.603161415985
1.57353316946, -0.359901166444
-0.913651235233, 0.116488007165
0.629452559564, 0.803931403775
0.571734801219, -0.391579092851
-0.5818541299, 0.855307703622
0.930004008826, 0.300224904974
1.98540873592, 0.410483975174
0.822524464345, 0.474696618431
1.88963812321, 0.423782367181
0.101488180061, 0.999856251065
0.857600856158, 0.449664627698
0.887193268399, 0.399366263621
0.161334409594, -0.138125769738
-0.486188198132, 0.794853481838
0.231799415148, 0.983863061592
1.91253724897, 0.0839115931367
0.547660318282, -0.433737529657
0.948898713337, 0.352669692479
0.811250862415, -0.43863551475
0.35999375652, -0.137035819179
1.86642359335, 0.0360718872773
1.82522563628, 0.061319246044
-0.410522671472, 0.957283447188
1.53886549524, -0.330220128012
1.19131328426, -0.564010591851
1.94839630866, 0.147580258212
0.260822501637, 0.949068887324
1.46004474616, -0.391393231851
0.348995723833, -0.261397488975
0.147427296632, -0.0159014410468
0.762650491259, 0.586908530576
0.603807567986, 0.872836419882
1.33688349406, -0.369805827382
0.0967405063702, 0.15504371054
-0.718431161576, 0.728475974375
0.893871014186, -0.487565154739
1.03218402839, 0.162977835121
0.277550774961, -0.336330126488
-0.587780870129, 0.847072514875
0.40664563226, -0.232214843027
0.295150216387, -0.163555420959
-0.597321828967, 0.819569802515
-0.621890249326, 0.701802863689
1.73546479108, -0.171157461237
0.583758569534, -0.499917507885
0.715329358472, -0.497338011699
0.18489078035, -0.0819269720401
0.147354139781, -0.00223822761648
1.76256527529, -0.101870874543
-0.800682863486, 0.634897163838
0.713803282895, 0.827350078652
0.559938217327, -0.346538557755
0.907565961802, -0.485537985151
1.26524430301, -0.46325530765
-0.979401138984, 0.300653236315
-0.774197764842, 0.73946225448
-0.875316898629, 0.398170571788
-0.712874979008, 0.754972763264
0.803243439957, 0.561471932741
-0.0591919418391, 0.965698118785
-0.0898843346442, 1.06961674129
1.50933245303, -0.460126293433
-0.718311173277, 0.699660015217
-0.435927219331, 0.900573716496
-0.832538438568, 0.602662444825
0.813857920668, 0.501548550057
0.13883976019, -0.126389157143
0.794397795901, -0.482218450858
0.800949948725, 0.659471515547
-1.02059269113, 0.257998248957
0.7102963268, 0.625844745063
1.43908301935, -0.48831850645
0.0382112243354, 0.916724503666
0.333601312076, -0.326719740014
1.89103568537, -0.0371163564761
-0.358017502985, 0.801384512471
1.82848654385, -0.0787340692296
0.0233569621718, 1.01297363901
1.61707511368, -0.274322223282
0.334958101592, -0.275210164368
1.60367995443, -0.291426699388
0.177590027902, -0.0471075152439
0.827504151828, 0.479707757108
0.537076402322, 0.871044880409
-0.0241906704676, 1.04878493174
0.394510281056, -0.325054189618
-0.393880586687, 0.934994693674
0.861016681185, 0.210436964887
-0.916694635517, 0.191449062832
2.00505404439, 0.299489591216
-0.122949004438, 0.996667528974
0.105970272811, 0.340773612757
-0.301716203441, 0.914223834356
1.66616719251, -0.305983294587
0.243827382124, 1.07796108733
0.8892007157, 0.353843616682
-0.0870213704713, 1.01118491462
0.0326604284186, 0.197337217385
2.0142990633, 0.364486787465
1.49586419121, -0.225034119983
-0.713175544891, 0.746046244123
0.019442661369, -0.0244311289954
1.71041630457, -0.217712095799
1.73561367911, -0.155819162347
1.77517976527, -0.0464202619933
0.0651735613286, 0.00366428262097
0.658387181191, -0.394659314048
0.775976089853, -0.492412496386
0.82654929754, -0.49280584767
-0.332792500433, 0.931066467919
-0.927791945501, 0.364990524839
0.170672821161, 0.0598602199895
0.439111543449, 0.964548380292
-0.152308398149, 0.999903735356
1.79154626545, -0.163061241647
1.30537123982, -0.447390472145
0.0108920341244, 0.514786245934
0.215065060046, -0.128112539153
1.76405053928, -0.118990402264
1.63926759779, -0.205328064811
-0.0599877912342, 0.397381356577
-0.0399023735604, 0.988170423099
1.05441573085, -0.559797517993
-0.996450440021, 0.457564849524
0.160681990214, 1.08510276144
0.115857028756, 0.194248868765
1.65488376057, -0.252090591291
0.957208503829, 0.0739957724254
0.577431994371, -0.476264121481
1.5161860217, -0.264599479966
-0.00966655843936, 0.357120635162
0.868374105121, 0.409882414162
0.967044171216, 0.0489174412714
-0.550981278329, 0.860329597656
0.189824285759, 1.0327194926
-0.907990087219, 0.346339192333
1.01106223242, -0.566184545246
1.93072471459, 0.411164806158
-0.906533497458, 0.275795174317
0.677838465793, -0.493300537463
0.179483864471, 0.921622289861
1.86012970544, 0.000908301362497
0.953709250417, 0.0704154844199
1.0029250947, 0.120406782628
0.730553816143, -0.412102790181
0.170624787524, 0.92173165383
-0.557424755024, 0.865734582755
1.50732382768, -0.474748516947
1.15874385673, -0.449311583618
0.454094370349, 0.864483217098
-0.89538115125, 0.474550272474
0.159662943166, 0.942069267431
0.711849750398, -0.443271660901
0.0628941971803, 0.239448678604
0.927010855416, 0.0565197343718
0.901740260682, -0.419396368227
0.435421011776, -0.302299492806
0.808886730461, -0.547079830904
0.859688457843, 0.576632972136
-0.469536400237, 0.900644451043
0.995232301252, -0.437336620664
1.5061474109, -0.35773440208
0.954346719829, 0.0495529252594
0.22368187762, -0.193658640019
1.79901212702, 0.0374818129143
0.868006862302, -0.570507914974
-0.0579011249657, 0.486582735598
1.87443294248, 0.0352008695979
-0.195882016348, 0.953804419469
-0.419996310773, 1.00425905276
0.943703977215, 0.238422695047
1.40250304828, -0.491524254362
0.197208807355, -0.0944918779159
1.68953965891, -0.307595456033
0.660810839473, -0.412220143416
0.0605125848242, 0.2114261969
1.35698089412, -0.436127204354
0.611770312265, -0.361893777701
-0.70180338303, 0.597189464019
1.7138723166, 0.0125592501229
-0.886447274072, -0.0145936411301
1.87788439934, -0.207931932953
-0.89363300598, 0.30199689663
-0.678448458866, 0.619343662957
-0.526360007653, 0.8200617116
0.354870720952, 0.971920940767
-0.64037394934, 0.751749994562
1.68665836694, -0.0772868921428
-0.40897605918, 0.911573385826
0.948116736998, 0.343831268899
0.0603127601176, 0.431682191454
1.90168094577, 0.235726787206
-0.0208917990662, 0.298233296489
-0.697231695407, 0.70755700725
0.092811739091, -0.0601504405957
-0.18613443992, 0.951142694752
0.37347801185, 1.03904240933
-0.609405468766, 0.764712614432
0.10376142454, 0.083701894251
1.7172359147, -0.159539093531
-0.163771897784, 0.967473123941
0.43520264022, -0.443356327826
0.894136831103, -0.491613545917
1.01998300555, -0.500894594089
0.95346658202, 0.424346192836
1.82831369429, 0.182068743935
0.178781012699, 1.03575217121
0.489724739206, -0.329035011487
1.07115044668, 0.169132473304
0.273196765058, -0.0941643312025
1.12625873661, -0.449478552028
0.437256859961, 0.877813820157
0.0846734291507, 0.0960874819169
1.94465242006, 0.197117025585
1.43592853886, -0.482475436732
0.0623441128461, 0.314995725982
1.94800700203, 0.052861183821
0.230283849544, -0.179883132615
0.102829949975, 1.09312086999
0.162328978732, -0.0778557523035
1.95265859093, 0.0393578698466
1.01116516305, 0.347429528186
-0.794546437814, 0.56628464016
1.95814072465, 0.20168473664
1.05055106047, -0.492217878854
1.80070992934, -0.166823252412
1.4212707442, -0.412204737728
0.797593123866, -0.488411623102
0.373307319093, -0.381322039599
0.628364020664, -0.48236630713
1.10355506586, -0.592132719756
-0.913935132321, 0.225963491102
-0.220745627135, 0.930673632209
1.88014620343, 0.16241787372
0.374114041889, 0.931086319226
1.12670571973, 0.0785831431182
0.95098507684, 0.115577465295
-0.0794531740767, 1.09581471118
0.489345537293, -0.349428442221
0.886120643959, 0.20910204502
-0.101263284015, 1.0132055185
0.946333550472, -0.425104687209
0.172785720563, 0.840521489241
1.38932535266, -0.383322893017
-0.983978559852, 0.0846011333848
1.35235730641, -0.430836736008
1.80132527099, -0.088058441761
0.705458522658, -0.399433994479
1.42622893331, -0.297442245445
-0.573963526354, 0.795766348461
1.0226498147, 0.264432076263
0.310079119105, -0.261623761929
0.911365952642, 0.372923934062
0.794059008894, 0.587741242478
0.681212739654, 0.690989570357
1.11358194869, -0.504969990157
1.41303001043, -0.398456211535
0.0782729473592, 1.01366132789
0.523438573738, -0.39778226467
1.05275205407, -0.497227227554
1.12655898188, -0.531922364045
-0.0599800196044, 0.441390306494
-1.00329761042, 0.329965524662
-0.982123418276, 0.323803911731
-1.02787224216, 0.221947515582
0.990216212321, 0.250704134475
0.241747328553, -0.175090281654
0.548608943198, 0.844699156572
-0.339048002369, 0.924311691028
-0.996544386363, 0.497600213265
0.0849349018091, 1.09356606113
1.07378017266, 0.152304645521
1.78477609191, -0.0909252452137
0.245874920447, -0.145095160022
1.94965256736, 0.392523112693
1.48933613334, -0.385402367967
-0.981527861926, 0.370095962789
0.400759460687, -0.197869472758
0.890681089096, 0.440391479402
0.376473404169, 0.919069582663
-0.914104717609, 0.532877488325
1.68367372686, -0.237329683136
0.548598881848, 0.88389555996
1.44047997335, -0.446515578677
0.73599131768, -0.461514044668
0.268847677077, 0.946917245818
0.0880587775378, 0.241511366039
0.74505385701, 0.693375938073
0.046041533097, 1.02152747887
0.914224467849, 0.543486426488
0.0915520308395, 0.197534427907
-0.182486470847, 1.02543755697
0.558745747479, 0.851035134376
-0.208872297283, 1.03446839181
1.0301971333, 0.372954175034
0.0936646432655, 0.0498797890347
-0.143313384406, 1.00433974303
1.1704753965, -0.455894137294
1.02175623861, 0.0603951787712
0.0709922899638, 0.238290851197
0.189444736993, 0.934962994844
0.901392254172, 0.378667583135
-0.791758703166, 0.61151514287
0.56409903296, 0.856646572794
2.03403832588, 0.275106243229
0.421083220715, 0.906395695962
0.991099838322, 0.261019907255
0.93568409812, 0.362063589023
-1.05433150286, 0.151831210599
-1.04118559753, 0.0656572916822
1.82950358374, 0.00334408262539
0.380315731139, -0.26081439915
0.81706929892, -0.437356157705
0.459752331464, -0.384676308468
1.243129281, -0.521747183273
-0.412971665927, 0.998607765335
1.5086144443, -0.205751822829
-0.710002590171, 0.699454644488
0.944447437967, 0.393045186977
-1.04931447543, 0.0905927024413
0.642041247552, 0.853062363948
1.24852087546, -0.441027974891
0.31943195154, -0.268176298067
0.518595506854, 0.841923039479
0.720724148405, 0.617776489515
1.24912739205, -0.542088206472
0.375155896814, 0.912542440768
0.110496314762, 0.0914902933324
1.49834906321, -0.311324393665
-0.899843737416, 0.432748937598
0.0364628493273, 0.0767925336677
1.98241681904, 0.135022316002
0.705904904408, 0.648076431803
0.344597983908, -0.259016276763
0.960893223709, 0.339079479326
1.54576237532, -0.407805092835
-0.959996441689, 0.244340954842
1.86997576067, 0.0369494096985
1.86620474443, -0.0790504216761
0.0753892764682, 0.22053348858
0.485758566089, -0.342644530386
-0.864191395176, 0.489140948851
-0.94421807104, 0.466526376208
0.0181663266811, 0.292528346733
1.75341019022, -0.257074382324
0.441124171256, 0.799560649669
0.0430653717418, 0.305705788898
0.259826034589, -0.0773540283024
1.85477180607, 0.0235230812556
-0.0398645752226, 0.933171997074
0.897434393981, 0.0819348183656
-0.678074342883, 0.709341243335
1.62509947483, -0.285489369841
-0.873946306801, 0.560155187155
-0.144436803223, 0.971348866414
0.411891611544, -0.380287886193
1.57298492908, -0.401967145881
1.95689685936, 0.358739618455
0.479513258044, 0.834148705133
1.73801552367, -0.178939419769
-0.358028942109, 0.894391028078
-0.95433662922, 0.08777626441
-0.194760607084, 0.967130170763
1.84267257632, -0.0284085794782
1.661500814, -0.177791977737
1.96356708817, 0.418710679855
-0.946964884999, 0.210570739197
1.57934109881, -0.332874635176
0.524206413646, 0.915764834379
-0.140561798976, 1.05184128946
1.0139849257, -0.56556619338
1.73759134873, -0.193945658828
0.826765211579, -0.483710559009
0.958045064723, 0.220706637913
0.0869509692384, 0.106968191703
0.978154983465, -0.585748333452
0.0935665483506, 0.98624842123
0.830053579522, 0.345641057454
0.202199996197, 1.02014130338
1.41964346322, -0.384414425286
-0.935453759039, 0.454670416427
2.06294295426, 0.452266150953
0.843548326149, -0.524587790503
0.90008163423, -0.402910873749
-0.136928924778, 1.00780473541
-0.912704269534, 0.296349695565
1.7426782789, 0.0221283720644
1.88061115106, -0.0242071862473
0.969448131498, 0.310876331204
0.669237768661, 0.717588964854
-0.0350492389275, 0.416352915608
1.95846650676, 0.493916421631
-0.373988542936, 0.823998786619
0.967097088313, 0.184028071781
0.0584284771668, 0.517554017544
0.32260723649, -0.141385584793
-0.843325708547, 0.412260048678
0.512332132437, 0.806055298064
1.96727437203, 0.268468150652
0.12583999214, 0.247257493074
0.614607598507, 0.896717719606
0.643139689807, 0.729541837495
1.99155937725, 0.450919133257
0.856127301345, 0.585247984443
0.67308206905, -0.461474654783
0.76200785112, 0.608933093618
1.97282941197, 0.463286556202
0.0575841387495, 0.204918498979
1.66088569007, -0.384586613053
0.713900737242, 0.700911550444
0.75554808185, 0.664618470078
0.0371535756907, 0.0618576548791
0.350506399901, 0.955539442152
0.9450597069, -0.514988266935
1.28494529721, -0.467705283683
0.176882501928, 0.00199140430015
-0.141034770829, 1.05010574405
-0.382216293124, 0.918992275517
0.381728437592, 0.895982233298
1.04649147973, 0.0448167506111
0.23970346217, 1.0116514649
-0.401197214329, 0.96127384797
0.075214238535, 0.447170803358
0.375931738466, 0.825919273548
0.146527023161, 1.09500237117
-0.00624807370391, 0.155255971826
0.928474708982, 0.366358411206
1.99662125769, 0.266646548516
0.570991090106, 0.74935747858
0.598261357208, -0.483255346734
-0.642150767455, 0.78589274627
0.0550417422234, 0.297517710675
-0.0129907256892, 1.08245273895
0.977657440481, 0.249606889057
0.0980888460533, 0.998104579713
-0.399492841918, 0.890905943629
0.870901891756, 0.553106408917
0.85152853269, -0.511536478339
1.01941798978, -0.521624000535
0.250984113417, -0.341145705954
-1.06672875164, 0.194701455653
1.70525418282, -0.343631708244
0.894772549908, 0.511760809397
0.0780199161443, 0.94616696275
1.99556633582, 0.172552453604
-0.477935319632, 0.889359235662
0.943395891933, 0.355278002063
1.74861288969, -0.154364981335
0.0331301266372, 0.371307379552
1.91880373806, 0.373121543355
0.0243484072489, 0.139388775379
-0.946727589152, 0.318204203604
-0.205908457622, 0.962535719356
1.08164572356, 0.197991260723
1.55720321012, -0.3230053701
0.534715287116, 0.75420509735
-0.95025665487, 0.484412348436
-0.384660396899, 0.937072025905
1.863891709, 0.170255874223
0.17616568567, -0.0390393427771
0.0991334902887, 0.252945441218
-1.02803252105, 0.164251671954
-0.878520244699, -0.00915013201305
-0.729958581735, 0.909963456788
-0.577561393312, 0.801495350656
0.836920535932, 0.614872551498
-0.87171349605, 0.636834272104
0.36723835209, 0.92139678219
-0.503596988041, 0.765334600032
-0.656955577183, 0.623987700164
0.575393104384, 0.860797590609
0.189377441001, 0.978575313706
1.0934911106, -0.401144100657
0.274236630026, 0.924971593248
0.731947982323, 0.686916913199
0.718297269593, 0.646555486692
0.421467537492, -0.249845926872
1.08434777309, -0.472245337164
-0.978080548706, 0.0370713957272
0.437641612063, -0.315771514635
0.853373488319, 0.367571300697
0.48279996537, 0.879677298927
0.139349683743, 0.000951704083958
-1.05550524062, 0.15194737286
-0.153357735122, 0.387444642295
1.89119038107, 0.00775109498886
1.70408794168, -0.10251848804
-0.63336143022, 0.672399108135
2.0219576322, 0.481262039691
0.398082092538, -0.264326060072
0.906186745088, 0.583088850002
0.987388471169, 0.198787396366
-0.763346768728, 0.545737946723
0.89127857515, -0.428733249773
-0.810542049136, 0.661987975222
1.22334958219, -0.597081207464
-0.84483407658, 0.469617582705
-1.00992570049, 0.104761241165
1.29449181661, -0.395359193184
1.43612582482, -0.395441676327
1.96699555429, 0.447191295733
-0.278149259478, 0.921330097722
1.9011210437, -0.0373077306197
0.135529726105, 0.0224798417745
0.988719679142, 0.272979372631
-0.0813288409973, 0.55304928105
-0.277683637131, 1.06106226251
0.3911857594, -0.362834994207
0.0422084295255, 0.101814803421
0.170918264636, 0.876269893494
1.03081461252, 0.187680750622
0.166083848902, 1.02608340337
1.12793908149, -0.550876031069
-0.156106568684, 1.03961127422
0.564418538123, -0.405391515421
-0.899513712884, 0.520132688462
1.97445157375, 0.258697126987
-0.627082448047, 0.7799679314
0.933382895369, 0.376301324202
0.96741646383, 0.233007271837
0.750000809427, 0.676670390067
0.549701116786, -0.323215840173
0.0388901619231, 0.125807586521
1.00578651721, 0.00875420801793
-0.935370490803, 0.0827034008056
1.83265854845, 0.0426514754849
0.863699953287, -0.534028380493
0.592780784681, -0.498745659409
0.54822432422, 0.801384105817
0.302104741371, 1.03281719596
0.923423237347, 0.29163243568
0.923796687944, -0.49313934932
-0.00876811789769, 1.05120867658
0.741452460731, -0.489425771081
1.70964351957, -0.261017516292
0.261968523872, -0.0945208823002
-0.845800779664, 0.536274714796
-0.180372455471, 0.914998276649
1.02517751244, 0.336651045712
-0.0347825386589, 0.370142198982
-1.04095653514, 0.112001908458
-0.790985473562, 0.603873315149
2.05691575086, 0.175975617829
1.90662909117, 0.424397524817
0.235437282325, -0.0431985225715
0.973236362938, -0.392298176622
0.280157136115, -0.205144835069
-0.286672411269, 1.02710336865
0.401725865308, -0.302199770353
0.00350967157899, 0.424911249659
0.245122883504, -0.17668155078
0.806729459165, 0.597206801245
-0.442093579773, 0.935855512948
0.558872584251, 0.788937743807
0.583473334068, -0.423959887907
0.107884114019, 0.133593526209
0.00781257584123, 0.94234650724
0.965008961954, 0.151283589301
-0.963333487168, 0.256251234254
0.806025442926, -0.393393671166
0.940205295377, 0.145427531002
-0.865340977755, 0.608659829932
-0.0188379870984, 0.563712916665
1.18457096667, -0.433027907369
0.658495100291, 0.877295464413
0.280639852434, -0.0569680831093
-0.0912677200536, 1.10932703424
0.524031581204, -0.453923421733
0.585792541024, -0.403145232409
1.94805696155, 0.0176915311881
0.941920183086, -0.550259639
0.427496073676, -0.382236308678
0.0417238969051, 0.0184149703905
0.559738505769, 0.771946682076
0.707467372435, -0.468313875514
-0.140898885678, 0.928275529687
-0.0399966888461, 1.01373838532
0.644609906097, 0.692260588765
-0.763304353818, 0.705762722175
0.605136671076, 0.788961359024
0.285575231483, -0.231375197931
1.84708111643, 0.133245407221
0.780649600256, 0.702214474027
-0.0192133904672, 0.168081835908
1.77864819796, -0.0681107129113
1.81465753731, -0.0672181389196
