CHK_ACCT,DURATION,HISTORY,NEW_CAR,USED_CAR,FURNITURE,RADIO/TV,EDUCATION,RETRAINING,AMOUNT,SAV_ACCT,EMPLOYMENT,INSTALL_RATE,MALE_DIV,MALE_SINGLE,MALE_MAR_or_WID,CO-APPLICANT,GUARANTOR,PRESENT_RESIDENT,REAL_ESTATE,PROP_UNKN_NONE,AGE,OTHER_INSTALL,RENT,OWN_RES,NUM_CREDITS,JOB,NUM_DEPENDENTS,TELEPHONE,FOREIGN
0,6,4,0,0,0,1,0,0,1169,4,4,4,0,1,0,0,0,4,1,0,67,0,0,1,2,2,1,1,0
3,12,4,0,0,0,0,1,0,2096,0,3,2,0,1,0,0,0,3,1,0,49,0,0,1,1,1,2,0,0
0,42,2,0,0,1,0,0,0,7882,0,3,2,0,1,0,0,1,4,0,0,45,0,0,0,1,2,2,0,0
3,36,2,0,0,0,0,1,0,9055,4,2,2,0,1,0,0,0,4,0,1,35,0,0,0,1,1,2,1,0
3,24,2,0,0,1,0,0,0,2835,2,4,3,0,1,0,0,0,4,0,0,53,0,0,1,1,2,1,0,0
1,36,2,0,1,0,0,0,0,6948,0,2,2,0,1,0,0,0,2,0,0,35,0,1,0,1,3,1,1,0
3,12,2,0,0,0,1,0,0,3059,3,3,2,1,0,0,0,0,4,1,0,61,0,0,1,1,1,1,0,0
1,12,2,0,0,0,1,0,0,1567,0,2,1,0,0,0,0,0,1,0,0,22,0,0,1,1,2,1,1,0
0,15,2,1,0,0,0,0,0,1403,0,2,2,0,0,0,0,0,4,0,0,28,0,1,0,1,2,1,0,0
3,24,4,0,0,0,1,0,0,2424,4,4,4,0,1,0,0,0,4,0,0,53,0,0,1,2,2,1,0,0
0,30,0,0,0,0,0,0,1,8072,4,1,2,0,1,0,0,0,3,0,0,25,1,0,1,3,2,1,0,0
3,24,2,0,0,0,1,0,0,3430,2,4,3,0,1,0,0,0,2,0,0,31,0,0,1,1,2,2,1,0
3,9,4,1,0,0,0,0,0,2134,0,2,4,0,1,0,0,0,4,0,0,48,0,0,1,3,2,1,1,0
0,6,2,0,0,0,1,0,0,2647,2,2,2,0,1,0,0,0,3,1,0,44,0,1,0,1,2,2,0,0
0,10,4,1,0,0,0,0,0,2241,0,1,1,0,1,0,0,0,3,1,0,48,0,1,0,2,1,2,0,1
1,12,4,0,1,0,0,0,0,1804,1,1,3,0,1,0,0,0,4,0,0,44,0,0,1,1,2,1,0,0
3,10,4,0,0,1,0,0,0,2069,4,2,2,0,0,1,0,0,1,0,0,26,0,0,1,2,2,1,0,1
0,6,2,0,0,1,0,0,0,1374,0,2,1,0,1,0,0,0,2,1,0,36,1,0,1,1,1,1,1,0
3,6,0,0,0,0,1,0,0,426,0,4,4,0,0,1,0,0,4,0,0,39,0,0,1,1,1,1,0,0
2,12,1,0,0,0,1,0,0,409,3,2,3,0,0,0,0,0,3,1,0,42,0,1,0,2,2,1,0,0
1,7,2,0,0,0,1,0,0,2415,0,2,3,0,1,0,0,1,2,1,0,34,0,0,1,1,2,1,0,0
1,18,2,0,0,0,0,0,1,1913,3,1,3,0,0,1,0,0,3,1,0,36,1,0,1,1,2,1,1,0
0,24,2,0,0,1,0,0,0,4020,0,2,2,0,1,0,0,0,2,0,0,27,1,0,1,1,2,1,0,0
1,18,2,1,0,0,0,0,0,5866,1,2,2,0,1,0,0,0,2,0,0,30,0,0,1,2,2,1,1,0
3,12,4,0,0,0,0,0,1,1264,4,4,4,0,1,0,0,0,4,0,1,57,0,1,0,1,1,1,0,0
2,12,2,0,0,1,0,0,0,1474,0,1,4,0,0,0,0,0,1,0,0,33,1,0,1,1,3,1,1,0
3,48,4,0,0,0,0,1,0,6110,0,2,1,0,1,0,0,0,3,0,1,31,1,0,0,1,2,1,1,0
2,10,2,0,0,0,0,0,0,1225,0,2,2,0,1,0,0,0,2,0,0,37,0,0,1,1,2,1,1,0
1,9,2,0,0,0,1,0,0,458,0,2,4,0,1,0,0,0,3,1,0,24,0,0,1,1,2,1,0,0
3,30,2,0,0,0,1,0,0,2333,2,4,4,0,1,0,0,0,2,0,0,30,1,0,1,1,3,1,0,0
1,12,2,0,0,0,1,0,0,1158,2,2,3,1,0,0,0,0,1,0,0,26,0,0,1,1,2,1,1,0
1,18,3,0,0,0,0,0,0,6204,0,2,2,0,1,0,0,0,4,1,0,44,0,0,1,1,1,2,1,0
0,30,4,0,1,0,0,0,0,6187,1,3,1,0,0,1,0,0,4,0,0,24,0,1,0,2,2,1,0,0
3,11,4,1,0,0,0,0,0,1393,0,1,4,0,0,0,0,0,4,0,0,35,0,0,1,2,3,1,0,0
3,36,2,0,0,0,1,0,0,2299,2,4,4,0,1,0,0,0,4,0,0,39,0,0,1,1,2,1,0,0
0,6,2,0,1,0,0,0,0,1352,2,0,1,0,0,0,0,0,2,0,0,23,0,1,0,1,0,1,1,0
3,11,4,1,0,0,0,0,0,7228,0,2,1,0,1,0,0,0,4,0,0,39,0,0,1,2,1,1,0,0
3,12,2,0,0,0,1,0,0,2073,1,2,4,0,0,0,1,0,2,1,0,28,0,0,1,1,2,1,0,0
1,24,3,0,0,1,0,0,0,2333,4,1,4,0,1,0,0,0,2,0,0,29,1,0,1,1,1,1,0,0
1,27,3,0,1,0,0,0,0,5965,0,4,1,0,1,0,0,0,2,0,0,30,0,0,1,2,3,1,1,0
3,12,2,0,0,0,1,0,0,1262,0,2,3,0,1,0,0,0,2,0,0,25,0,0,1,1,2,1,0,0
3,18,2,0,1,0,0,0,0,3378,4,2,2,0,1,0,0,0,1,0,0,31,0,0,1,1,2,1,1,0
3,6,1,1,0,0,0,0,0,783,4,2,1,0,1,0,0,1,2,1,0,26,1,0,1,1,1,2,0,0
3,36,4,0,0,0,1,0,0,9566,0,2,2,0,0,0,0,0,2,0,0,31,1,0,1,2,2,1,0,0
2,18,2,1,0,0,0,0,0,1961,0,4,3,0,0,0,0,0,2,0,0,23,0,0,1,1,3,1,0,0
1,9,2,0,0,0,0,0,1,1391,0,2,2,0,0,1,0,0,1,1,0,27,1,0,1,1,2,1,1,0
1,15,4,0,0,0,1,0,0,1537,4,4,4,0,1,0,0,1,4,1,0,50,0,0,1,2,2,1,1,0
3,24,2,0,0,0,1,0,0,3181,0,1,4,0,0,0,0,0,4,0,0,26,0,0,1,1,2,1,1,0
3,27,2,0,0,0,0,0,0,5190,4,4,4,0,1,0,0,0,4,0,0,48,0,0,1,4,2,2,1,0
3,12,2,0,0,0,1,0,0,2171,0,1,2,0,0,0,0,0,2,0,0,29,1,0,1,1,2,1,0,0
1,12,2,1,0,0,0,0,0,1007,3,2,4,0,0,1,0,0,1,1,0,22,0,0,1,1,2,1,0,0
3,36,2,0,0,0,1,0,0,2394,4,2,4,0,0,0,0,0,4,0,0,25,0,0,1,1,2,1,0,0
3,36,2,0,1,0,0,0,0,8133,0,2,1,0,0,0,0,0,2,0,0,30,1,0,1,1,2,1,0,0
3,7,4,0,0,0,1,0,0,730,4,4,4,0,1,0,0,0,2,0,0,46,0,1,0,2,1,1,1,0
0,8,4,0,0,0,0,0,0,1164,0,4,3,0,1,0,0,0,4,0,1,51,1,0,0,2,3,2,1,0
1,42,4,0,0,0,0,0,1,5954,0,3,2,0,0,0,0,0,1,1,0,41,1,0,1,2,1,1,0,0
0,12,4,0,1,0,0,0,0,1526,0,4,4,0,1,0,0,0,4,0,1,66,0,0,0,2,3,1,0,0
1,11,3,0,0,0,1,0,0,4771,0,3,2,0,1,0,0,0,4,0,0,51,0,0,1,1,2,1,0,0
3,54,0,0,1,0,0,0,0,9436,4,2,2,0,1,0,0,0,2,0,0,39,0,0,1,1,1,2,0,0
1,30,2,0,0,1,0,0,0,3832,0,1,2,0,0,1,0,0,1,0,0,22,0,0,1,1,2,1,0,0
3,15,2,0,0,0,1,0,0,1213,2,4,4,0,1,0,0,0,3,0,0,47,1,0,1,1,2,1,1,0
3,18,2,0,0,0,0,0,1,1568,1,2,3,0,0,0,0,0,4,0,0,24,0,1,0,1,1,1,0,0
0,24,2,0,0,0,0,0,0,1755,0,4,4,0,0,0,0,1,4,1,0,58,0,0,1,1,1,1,1,0
0,10,2,0,0,0,1,0,0,2315,0,4,3,0,1,0,0,0,4,1,0,52,0,0,1,1,1,1,0,0
3,12,4,0,0,0,0,0,1,1412,0,2,4,0,0,0,0,1,2,1,0,29,0,0,1,2,3,1,1,0
1,18,4,0,0,1,0,0,0,1295,0,1,4,0,0,0,0,0,1,0,0,27,0,0,1,2,2,1,0,0
0,18,2,1,0,0,0,0,0,2249,1,3,4,0,1,0,0,0,3,0,0,30,0,0,1,1,3,2,1,0
3,12,4,0,0,0,1,0,0,618,0,4,4,0,1,0,0,0,4,1,0,56,0,0,1,1,2,1,0,0
0,12,4,0,1,0,0,0,0,1409,0,4,4,0,1,0,0,0,3,1,0,54,0,0,1,1,2,1,0,0
2,24,4,0,0,1,0,0,0,3617,4,4,4,0,1,0,1,0,4,0,1,20,0,1,0,2,2,1,0,0
1,12,2,1,0,0,0,0,0,1318,3,4,4,0,1,0,0,0,4,1,0,54,0,0,1,1,2,1,1,0
3,12,4,0,0,0,0,1,0,2012,4,3,4,0,0,0,0,0,2,0,0,61,0,0,1,1,2,1,0,0
1,18,2,0,0,0,0,0,1,2622,1,2,4,0,1,0,0,0,4,0,0,34,0,0,1,1,2,1,0,0
1,36,4,0,0,0,1,0,0,2337,0,4,4,0,1,0,0,0,4,1,0,36,0,0,1,1,2,1,0,0
1,20,3,0,1,0,0,0,0,7057,4,3,3,0,1,0,0,0,4,0,0,36,1,1,0,2,3,2,1,0
3,24,2,1,0,0,0,0,0,1469,1,4,4,0,0,1,0,0,4,1,0,41,0,1,0,1,1,1,0,0
1,36,2,0,0,0,1,0,0,2323,0,3,4,0,1,0,0,0,4,0,0,24,0,1,0,1,2,1,0,0
3,6,3,0,0,0,1,0,0,932,0,2,3,0,0,0,0,0,2,1,0,24,0,0,1,1,2,1,0,0
1,9,4,0,0,1,0,0,0,1919,0,3,4,0,1,0,0,0,3,0,0,35,0,1,0,1,2,1,1,0
3,12,2,0,1,0,0,0,0,2445,4,1,2,0,0,1,0,0,4,0,0,26,0,1,0,1,2,1,1,0
1,12,2,1,0,0,0,0,0,6078,0,3,2,0,1,0,0,0,2,0,0,32,0,0,1,1,2,1,0,0
0,24,2,0,0,1,0,0,0,7721,4,1,1,0,0,0,0,0,2,0,0,30,0,0,1,1,2,1,1,1
1,14,2,0,0,0,0,0,1,1410,2,4,1,0,0,1,0,0,2,1,0,35,0,0,1,1,2,1,1,0
1,6,3,0,0,0,0,0,1,1449,1,4,1,1,0,0,0,0,2,0,0,31,1,0,1,2,2,2,0,0
2,15,2,0,0,0,0,1,0,392,0,1,4,0,0,0,0,0,4,0,0,23,0,1,0,1,2,1,1,0
1,18,2,1,0,0,0,0,0,6260,0,3,3,0,1,0,0,0,3,1,0,28,0,1,0,1,1,1,0,0
0,12,2,0,0,0,1,0,0,1680,2,4,3,0,0,1,0,0,1,1,0,35,0,0,1,1,2,1,0,0
3,48,4,0,0,0,1,0,0,3578,4,4,4,0,1,0,0,0,1,1,0,47,0,0,1,1,2,1,1,0
0,10,4,0,0,1,0,0,0,2132,4,1,2,0,0,0,1,0,3,1,0,27,0,1,0,2,2,1,0,1
1,12,4,1,0,0,0,0,0,2366,2,3,3,1,0,0,0,0,3,0,0,36,0,0,1,1,3,1,1,0
3,24,4,0,1,0,0,0,0,3868,0,4,4,0,0,0,0,0,2,0,0,41,0,1,0,2,3,1,1,0
3,12,2,0,0,1,0,0,0,1768,0,2,3,0,1,0,0,0,2,1,0,24,0,1,0,1,1,1,0,0
2,10,4,1,0,0,0,0,0,781,0,4,4,0,1,0,0,0,4,0,1,63,0,0,0,2,2,1,1,0
0,12,4,1,0,0,0,0,0,2121,0,2,4,0,1,0,0,0,2,0,0,30,0,0,1,2,2,1,0,0
0,12,2,0,0,0,1,0,0,701,0,2,4,0,0,1,0,0,2,1,0,40,0,0,1,1,1,1,0,0
1,12,4,0,1,0,0,0,0,1860,0,0,4,0,1,0,0,0,2,0,0,34,0,0,1,2,3,1,1,0
1,48,2,1,0,0,0,0,0,8487,4,3,1,0,0,0,0,0,2,0,0,24,0,0,1,1,2,1,0,0
3,15,2,0,0,1,0,0,0,2708,0,1,2,0,1,0,0,0,3,0,0,27,1,0,1,2,1,1,0,0
3,18,2,0,0,1,0,0,0,1984,0,2,4,0,1,0,0,0,4,0,1,47,1,0,0,2,2,1,0,0
3,60,2,0,0,0,1,0,0,10144,1,3,2,0,0,0,0,0,4,1,0,21,0,0,1,1,2,1,1,0
3,12,4,0,0,0,1,0,0,1240,4,4,4,0,0,0,0,0,2,1,0,38,0,0,1,2,2,1,1,0
3,27,3,0,1,0,0,0,0,8613,3,2,2,0,1,0,0,0,2,0,0,27,0,0,1,2,2,1,0,0
1,15,4,0,0,0,1,0,0,2728,4,3,4,0,1,0,0,1,2,1,0,35,1,0,1,3,2,1,1,0
2,12,2,0,0,0,1,0,0,1881,0,2,2,0,0,0,0,0,2,0,0,44,0,1,0,1,1,1,1,0
2,6,2,1,0,0,0,0,0,709,3,1,2,0,0,1,0,0,2,1,0,27,0,0,1,1,0,1,0,1
1,36,2,0,0,0,1,0,0,4795,0,1,4,0,0,0,0,0,1,0,1,30,0,0,1,1,3,1,1,0
0,27,2,0,0,0,1,0,0,3416,0,2,3,0,1,0,0,0,2,0,0,27,0,0,1,1,3,1,0,0
3,21,4,0,0,1,0,0,0,2288,0,1,4,0,0,0,0,0,4,0,0,23,0,0,1,1,2,1,1,0
1,48,1,0,0,0,0,0,1,3566,1,3,4,0,1,0,0,0,2,0,0,30,0,0,1,1,2,1,0,0
0,6,4,1,0,0,0,0,0,860,0,4,1,0,0,0,0,0,4,0,1,39,0,0,1,2,2,1,1,0
3,12,4,1,0,0,0,0,0,682,1,3,4,0,0,0,0,0,3,0,0,51,0,0,1,2,2,1,1,0
0,36,4,0,0,1,0,0,0,5371,0,2,3,0,1,0,0,1,2,0,0,28,0,0,1,2,2,1,0,0
3,18,4,0,0,0,1,0,0,1582,3,4,4,0,1,0,0,0,4,0,0,46,0,0,1,2,2,1,0,0
3,6,2,0,0,0,1,0,0,1346,1,4,2,0,1,0,0,0,4,0,1,42,1,0,0,1,2,2,1,0
3,10,2,0,0,0,1,0,0,1924,0,2,1,0,1,0,0,0,4,0,0,38,0,0,1,1,2,1,1,1
2,36,2,0,0,0,1,0,0,5848,0,2,4,0,1,0,0,0,1,0,0,24,0,0,1,1,2,1,0,0
1,24,4,0,1,0,0,0,0,7758,3,4,2,0,0,0,0,0,4,0,1,29,0,1,0,1,2,1,0,0
1,24,3,0,0,0,0,0,1,6967,1,3,4,0,1,0,0,0,4,0,0,36,0,1,0,1,3,1,1,0
0,9,4,0,0,0,0,0,0,1288,1,4,3,0,1,0,0,1,4,1,0,48,0,0,1,2,2,2,0,1
0,12,1,0,0,0,0,0,0,339,0,4,4,0,0,1,0,0,1,0,0,45,1,0,1,1,1,1,0,0
1,24,2,1,0,0,0,0,0,3512,1,3,2,0,1,0,0,0,3,0,0,38,1,0,1,2,2,1,1,0
3,6,4,0,0,0,1,0,0,1898,4,2,1,0,1,0,0,0,2,1,0,34,0,0,1,2,1,2,0,0
3,24,4,0,0,0,1,0,0,2872,1,4,3,0,1,0,0,0,4,1,0,36,0,0,1,1,2,2,1,0
3,18,4,1,0,0,0,0,0,1055,0,1,4,0,0,0,0,0,1,0,0,30,0,0,1,2,2,1,0,0
3,15,2,0,0,0,0,0,0,1262,2,3,4,0,1,0,0,0,3,0,0,36,0,0,1,2,2,1,1,0
1,10,2,1,0,0,0,0,0,7308,0,0,2,0,1,0,0,0,4,0,1,70,1,0,0,1,3,1,1,0
3,36,2,1,0,0,0,0,0,909,2,4,4,0,1,0,0,0,4,0,0,36,0,0,1,1,2,1,0,0
3,6,2,0,0,1,0,0,0,2978,2,2,1,0,1,0,0,0,2,0,0,32,0,0,1,1,2,1,1,0
1,11,2,0,0,1,0,0,0,1577,3,1,4,0,0,0,0,0,1,1,0,20,0,0,1,1,2,1,0,0
3,24,2,0,0,1,0,0,0,3972,0,3,2,0,0,0,0,0,4,0,0,25,0,1,0,1,2,1,1,0
3,12,2,0,0,1,0,0,0,763,0,2,4,0,0,0,0,0,1,1,0,26,0,0,1,1,2,1,1,0
1,8,2,0,0,0,1,0,0,1414,0,2,4,0,1,0,0,1,2,1,0,33,0,0,1,1,2,1,0,1
0,12,2,0,0,1,0,0,0,2577,0,2,2,1,0,0,0,0,1,0,0,42,0,0,1,1,2,1,0,0
0,6,4,0,0,0,1,0,0,338,2,4,4,0,1,0,0,0,4,0,0,52,0,0,1,2,2,1,0,0
3,12,2,0,0,0,1,0,0,1963,0,3,4,0,1,0,0,0,2,0,0,31,0,1,0,2,3,2,1,0
0,21,4,1,0,0,0,0,0,571,0,4,4,0,1,0,0,0,4,1,0,65,0,0,1,2,2,1,0,0
3,24,4,0,0,1,0,0,0,3777,3,2,4,0,1,0,0,0,4,1,0,50,0,0,1,1,2,1,1,0
3,15,4,0,0,0,1,0,0,1360,0,2,4,0,1,0,0,0,2,0,0,31,0,0,1,2,2,1,0,0
1,16,4,1,0,0,0,0,0,1175,0,0,2,0,1,0,0,0,3,0,0,68,0,0,0,3,0,1,1,0
1,18,0,0,0,1,0,0,0,3244,0,2,1,0,0,0,0,0,4,0,0,33,1,0,1,2,2,1,1,0
3,6,2,0,0,0,1,0,0,2108,0,3,2,0,0,1,0,0,2,1,0,29,0,1,0,1,2,1,0,0
3,6,4,0,0,0,1,0,0,1382,0,2,1,0,0,0,0,0,1,0,0,28,0,0,1,2,2,1,1,0
1,24,2,0,1,0,0,0,0,2760,4,4,4,0,1,0,0,0,4,0,1,36,1,0,0,1,2,1,1,0
3,9,4,0,0,0,0,1,0,936,2,4,4,0,1,0,0,0,2,0,0,52,0,0,1,2,2,1,1,0
0,12,2,1,0,0,0,0,0,1168,0,2,4,0,0,1,0,0,3,1,0,27,0,0,1,1,1,1,0,0
3,27,3,0,0,0,0,0,1,5117,0,3,3,0,1,0,0,0,4,0,0,26,0,0,1,2,2,1,0,0
3,12,4,1,0,0,0,0,0,1495,0,4,4,0,1,0,0,0,1,1,0,38,0,0,1,2,1,2,0,0
0,30,4,0,1,0,0,0,0,10623,0,4,3,0,1,0,0,0,4,0,1,38,0,0,0,3,3,2,1,0
3,12,4,0,0,1,0,0,0,1935,0,4,4,0,1,0,0,0,4,1,0,43,0,0,1,3,2,1,1,0
1,12,4,0,0,0,0,0,0,1424,0,3,4,0,1,0,0,0,3,0,0,26,0,0,1,1,2,1,0,0
0,24,2,0,0,0,0,0,1,6568,0,2,2,0,0,1,0,0,2,0,0,21,1,0,1,1,1,1,0,0
3,12,2,0,1,0,0,0,0,1413,3,3,3,0,1,0,0,0,2,0,0,55,0,0,1,1,2,1,0,1
3,9,4,0,0,0,1,0,0,3074,4,2,1,0,1,0,0,0,2,1,0,33,0,0,1,2,2,2,0,0
3,36,2,0,0,0,1,0,0,3835,4,4,2,0,0,0,0,0,4,1,0,45,0,0,1,1,1,1,1,0
3,36,4,0,0,0,1,0,0,3342,4,4,4,0,1,0,0,0,2,0,0,51,0,0,1,1,2,1,1,0
1,6,4,0,0,0,0,0,0,932,4,3,1,0,0,0,0,0,3,0,0,39,0,0,1,2,1,1,0,0
0,18,0,0,0,0,0,0,1,3104,0,3,3,0,1,0,0,0,1,0,0,31,1,0,1,1,2,1,1,0
2,36,2,0,0,0,1,0,0,3913,0,2,2,0,1,0,0,0,2,1,0,23,0,0,1,1,2,1,1,0
0,24,2,0,0,1,0,0,0,3021,0,2,2,1,0,0,0,0,2,1,0,24,0,1,0,1,1,1,0,0
3,10,2,1,0,0,0,0,0,1364,0,2,2,0,0,0,0,0,4,0,0,64,0,0,1,1,2,1,1,0
1,12,2,0,0,0,1,0,0,625,0,1,4,0,0,1,0,1,1,1,0,26,1,0,1,1,1,1,0,0
0,12,2,0,0,0,0,1,0,1200,4,2,4,0,0,0,0,0,4,0,0,23,1,1,0,1,2,1,1,0
3,12,2,0,0,0,1,0,0,707,0,2,4,0,1,0,0,0,2,1,0,30,1,0,1,2,2,1,0,0
3,24,3,0,0,0,0,0,1,2978,4,2,4,0,1,0,0,0,4,1,0,32,0,0,1,2,2,2,1,0
3,15,2,0,1,0,0,0,0,4657,0,2,3,0,1,0,0,0,2,0,0,30,0,0,1,1,2,1,1,0
3,36,0,0,0,0,0,0,0,2613,0,2,4,0,1,0,0,0,2,0,0,27,0,0,1,2,2,1,0,0
0,24,2,0,0,1,0,0,0,3149,0,1,4,0,1,0,0,0,1,0,1,22,1,0,0,1,2,1,0,0
3,9,2,1,0,0,0,0,0,2507,2,4,2,0,1,0,0,0,4,0,1,51,0,0,0,1,1,1,0,0
3,12,2,0,0,0,1,0,0,2141,1,3,3,0,1,0,0,0,1,0,1,35,0,0,1,1,2,1,0,0
1,18,2,0,0,0,1,0,0,866,0,2,4,0,0,1,0,1,2,1,0,25,0,0,1,1,1,1,0,0
3,4,4,0,0,0,1,0,0,1544,0,3,2,0,1,0,0,0,1,1,0,42,0,0,1,3,1,2,0,0
3,12,4,0,0,0,1,0,0,1291,0,2,4,0,0,0,0,0,2,0,0,35,0,0,1,2,2,1,0,0
0,30,2,0,0,0,1,0,0,2522,0,4,1,0,1,0,0,1,3,0,0,39,0,0,1,1,2,2,0,0
3,6,2,0,0,0,1,0,0,1595,0,3,3,0,1,0,0,0,2,0,0,51,0,0,1,1,2,2,0,0
3,12,4,0,0,0,0,0,1,1185,0,2,3,0,0,0,0,0,2,1,0,27,0,0,1,2,2,1,0,0
3,12,1,0,0,0,0,0,0,3447,2,2,4,0,0,0,0,0,3,1,0,35,0,0,1,1,1,2,0,0
3,24,2,0,0,0,0,0,1,1258,0,3,4,0,1,0,0,0,1,1,0,25,0,0,1,1,2,1,1,0
3,12,4,0,0,0,1,0,0,717,0,4,4,0,1,0,0,0,4,1,0,52,0,0,1,3,2,1,0,0
3,6,0,1,0,0,0,0,0,1204,1,2,4,0,1,0,0,0,1,0,1,35,1,1,0,1,2,1,0,1
2,24,2,0,0,1,0,0,0,1925,0,2,2,0,1,0,0,0,2,1,0,26,0,0,1,1,2,1,0,0
0,6,4,1,0,0,0,0,0,666,3,3,3,0,0,0,0,0,4,1,0,39,0,0,1,2,1,1,1,0
2,12,2,0,0,1,0,0,0,2251,0,2,1,0,0,0,0,0,2,0,0,46,0,0,1,1,1,1,0,0
3,24,3,0,0,1,0,0,0,4151,1,2,2,0,1,0,0,0,3,0,0,35,0,0,1,2,2,1,0,0
1,9,2,0,0,1,0,0,0,2030,4,3,2,0,1,0,0,0,1,0,0,24,0,0,1,1,2,1,1,0
1,60,3,0,0,0,1,0,0,7418,4,2,1,0,1,0,0,0,1,1,0,27,0,0,1,1,1,1,0,0
3,24,4,0,0,0,1,0,0,2684,0,2,4,0,1,0,0,0,2,1,0,35,0,0,1,2,1,1,0,0
3,15,2,0,1,0,0,0,0,3812,1,1,1,0,0,0,0,0,4,0,0,23,0,0,1,1,2,1,1,0
3,11,4,0,0,0,1,0,0,1154,1,0,4,0,0,0,0,0,4,1,0,57,0,0,1,3,1,1,0,0
0,12,2,0,0,1,0,0,0,1657,0,2,2,0,1,0,0,0,2,1,0,27,0,0,1,1,2,1,0,0
0,24,2,0,0,0,1,0,0,1603,0,4,4,0,0,0,0,0,4,0,0,55,0,0,1,1,2,1,0,0
0,18,4,1,0,0,0,0,0,5302,0,4,2,0,1,0,0,0,4,0,1,36,0,0,0,3,3,1,1,0
3,12,4,0,0,0,0,1,0,2748,0,4,2,0,0,0,0,0,4,0,1,57,1,0,0,3,1,1,0,0
3,10,4,1,0,0,0,0,0,1231,0,4,3,0,1,0,0,0,4,1,0,32,0,0,1,2,1,2,0,1
3,36,4,0,0,0,0,0,1,6304,4,4,4,0,1,0,0,0,4,1,0,36,0,0,1,2,2,1,0,0
3,24,2,0,0,0,1,0,0,1533,0,1,4,0,0,0,0,0,3,0,0,38,1,0,1,1,2,1,1,0
3,24,2,0,0,0,1,0,0,999,4,4,4,0,1,0,0,0,2,0,0,25,0,0,1,2,2,1,0,0
3,18,2,1,0,0,0,0,0,2662,4,3,4,0,1,0,0,0,3,0,0,32,0,0,1,1,2,1,0,1
3,12,4,0,0,1,0,0,0,1402,2,3,3,0,0,0,0,0,4,0,0,37,0,1,0,1,2,1,1,0
1,48,1,1,0,0,0,0,0,12169,4,0,4,0,1,0,1,0,4,0,1,36,0,0,0,1,3,1,1,0
3,9,2,0,0,0,1,0,0,2697,0,2,1,0,1,0,0,0,2,1,0,32,0,0,1,1,2,2,0,0
3,18,4,0,0,0,1,0,0,2404,0,2,2,0,0,0,0,0,2,0,0,26,0,0,1,2,2,1,0,0
0,12,2,0,0,1,0,0,0,1262,4,4,2,1,0,0,0,0,4,0,0,49,0,0,1,1,1,1,1,0
3,24,2,0,0,0,1,0,0,1901,1,2,4,0,1,0,0,0,4,0,0,29,0,1,0,1,3,1,1,0
3,15,4,0,1,0,0,0,0,3368,3,4,3,0,1,0,0,0,4,0,1,23,0,1,0,2,2,1,1,0
3,12,2,0,0,1,0,0,0,1574,0,2,4,0,1,0,0,0,2,1,0,50,0,0,1,1,2,1,0,0
2,18,1,0,0,0,1,0,0,1445,4,3,4,0,1,0,0,0,4,0,0,49,1,0,1,1,1,1,0,0
3,15,4,0,0,1,0,0,0,1520,4,4,4,0,1,0,0,0,4,0,0,63,0,0,1,1,2,1,0,0
1,24,4,1,0,0,0,0,0,3878,1,1,4,1,0,0,0,0,2,0,0,37,0,0,1,1,2,1,1,0
0,47,2,1,0,0,0,0,0,10722,0,1,1,0,0,0,0,0,1,1,0,35,0,0,1,1,1,1,1,0
0,48,2,0,1,0,0,0,0,4788,0,3,4,0,1,0,0,0,3,0,0,26,0,0,1,1,2,2,0,0
1,48,3,0,0,0,0,0,0,7582,1,0,2,0,1,0,0,0,4,0,1,31,0,0,0,1,3,1,1,0
1,12,2,0,0,0,1,0,0,1092,0,2,4,0,0,0,0,1,4,1,0,49,0,0,1,2,2,1,1,0
3,12,2,0,0,0,0,0,1,1076,0,2,2,0,0,1,0,0,2,1,0,26,0,0,1,1,2,1,1,1
0,24,4,0,1,0,0,0,0,6419,0,4,2,0,0,0,0,0,4,0,1,44,0,0,0,2,3,2,1,0
2,42,4,0,1,0,0,0,0,4796,0,4,4,0,1,0,0,0,4,0,1,56,0,0,0,1,2,1,0,0
3,48,4,0,0,0,0,0,1,7629,4,4,4,1,0,0,0,0,2,0,0,46,1,0,1,2,3,2,0,0
3,12,2,0,1,0,0,0,0,4675,4,1,1,0,0,0,0,0,4,0,0,20,0,1,0,1,2,1,0,0
3,10,2,1,0,0,0,0,0,1287,4,4,4,0,1,0,1,0,2,0,0,45,0,0,1,1,1,1,0,1
3,18,2,0,0,1,0,0,0,2515,0,2,3,0,1,0,0,0,4,1,0,43,0,0,1,1,2,1,1,0
1,21,4,0,0,1,0,0,0,2745,3,3,3,0,1,0,0,0,2,0,0,32,0,0,1,2,2,1,1,0
3,6,2,1,0,0,0,0,0,672,0,0,1,0,0,0,0,0,4,1,0,54,0,0,1,1,0,1,1,0
0,10,4,1,0,0,0,0,0,1038,0,3,4,0,1,0,1,0,3,0,0,49,0,0,1,2,2,1,1,0
3,6,2,0,0,1,0,0,0,1543,3,2,4,1,0,0,0,0,2,1,0,33,0,0,1,1,2,1,0,0
3,30,2,0,1,0,0,0,0,4811,4,3,2,0,0,0,0,0,4,0,0,24,1,1,0,1,1,1,0,0
1,9,2,1,0,0,0,0,0,276,0,2,4,0,0,1,0,0,4,1,0,22,0,1,0,1,1,1,0,0
1,48,2,0,0,0,0,0,0,5381,4,0,3,0,1,0,0,0,4,0,1,40,1,0,0,1,0,1,1,0
3,24,2,0,0,1,0,0,0,5511,1,2,4,0,1,0,0,0,1,0,0,25,1,0,1,1,2,1,0,0
2,24,2,0,0,1,0,0,0,3749,0,1,2,0,0,0,0,0,4,0,0,26,0,0,1,1,2,1,0,0
2,4,2,1,0,0,0,0,0,1494,4,1,1,0,1,0,0,0,2,1,0,29,0,0,1,1,1,2,0,1
0,12,2,0,0,1,0,0,0,708,0,2,2,0,1,0,0,1,3,0,0,38,0,0,1,1,1,2,0,0
1,24,2,0,0,1,0,0,0,4351,4,2,1,0,0,0,0,0,4,0,0,48,0,0,1,1,1,1,1,0
3,12,4,0,0,0,0,1,0,701,0,2,4,0,1,0,0,0,2,0,0,32,0,0,1,2,2,1,0,0
0,15,3,0,0,1,0,0,0,3643,0,4,1,0,0,0,0,0,4,0,0,27,0,0,1,2,1,1,0,0
0,24,2,0,1,0,0,0,0,2910,0,3,2,0,1,0,0,0,1,0,1,34,0,0,0,1,3,1,1,0
0,18,2,0,0,1,0,0,0,2659,3,2,4,0,1,0,0,0,2,0,0,28,0,0,1,1,2,1,0,0
3,18,4,1,0,0,0,0,0,1028,0,2,4,0,0,0,0,0,3,1,0,36,0,0,1,2,2,1,0,0
0,8,4,1,0,0,0,0,0,3398,0,3,1,0,1,0,0,0,4,1,0,39,0,0,1,2,1,1,0,1
3,12,4,0,0,1,0,0,0,5801,4,4,2,0,1,0,0,0,4,0,0,49,0,1,0,1,2,1,1,0
3,24,2,1,0,0,0,0,0,1525,3,3,4,0,0,0,0,0,3,0,0,34,0,0,1,1,2,2,1,0
2,36,2,0,0,0,1,0,0,4473,0,4,4,0,1,0,0,0,2,0,0,31,0,0,1,1,2,1,0,0
1,6,2,0,0,0,1,0,0,1068,0,4,4,0,1,0,0,0,4,0,0,28,0,0,1,1,2,2,0,0
0,24,4,0,1,0,0,0,0,6615,0,0,2,0,1,0,0,0,4,0,1,75,0,0,0,2,3,1,1,0
1,13,2,0,0,0,1,0,0,2101,0,1,2,0,0,0,0,1,4,0,0,23,0,0,1,1,1,1,0,0
0,24,2,0,0,1,0,0,0,4169,0,2,4,0,1,0,0,0,4,0,0,28,0,0,1,1,2,1,0,0
1,10,2,0,0,1,0,0,0,1521,0,2,4,1,0,0,0,0,2,0,0,31,0,0,1,1,1,1,0,0
1,24,4,0,0,0,0,1,0,5743,0,1,2,0,0,0,0,0,4,0,1,24,0,0,0,2,2,1,1,0
0,21,2,0,0,1,0,0,0,3599,0,3,1,0,0,0,0,0,4,0,0,26,0,1,0,1,1,1,0,0
1,18,2,0,0,0,1,0,0,3213,2,1,1,0,0,1,0,0,3,1,0,25,0,1,0,1,2,1,0,0
1,18,2,0,0,0,0,0,1,4439,0,4,1,0,1,0,1,0,1,1,0,33,1,0,1,1,3,1,1,0
2,10,2,1,0,0,0,0,0,3949,0,1,1,0,1,0,0,1,1,0,0,37,0,0,1,1,1,2,0,0
3,15,4,0,0,0,1,0,0,1459,0,2,4,0,0,0,0,0,2,0,0,43,0,0,1,1,1,1,0,0
1,13,4,0,0,0,1,0,0,882,0,1,4,0,1,0,0,1,4,1,0,23,0,0,1,2,2,1,0,0
1,24,2,0,0,0,1,0,0,3758,2,0,1,0,0,0,0,0,4,0,1,23,0,1,0,1,0,1,0,0
3,6,3,0,0,0,0,0,1,1743,1,2,1,0,1,0,0,0,2,1,0,34,0,0,1,2,1,1,0,0
3,9,2,0,0,0,0,0,0,1236,0,1,1,0,0,0,0,0,4,1,0,23,0,1,0,1,2,1,1,0
3,18,4,0,1,0,0,0,0,3229,4,0,2,0,1,0,0,0,4,0,1,38,0,0,1,1,3,1,1,0
3,10,2,0,0,0,0,1,0,727,2,4,4,0,1,0,0,0,4,0,1,46,0,0,0,1,2,1,1,0
3,12,4,0,0,0,1,0,0,2331,4,4,1,0,1,0,1,0,4,1,0,49,0,0,1,1,2,1,1,0
3,12,2,0,0,0,1,0,0,776,0,2,4,0,0,1,0,0,2,1,0,28,0,0,1,1,2,1,0,0
1,18,2,0,0,0,0,1,0,1239,4,2,4,0,1,0,0,0,4,0,1,61,0,0,0,1,2,1,0,0
2,12,2,0,0,0,1,0,0,3399,4,4,2,0,1,0,0,0,3,0,0,37,0,0,1,1,3,1,0,0
2,12,3,1,0,0,0,0,0,2247,0,2,2,0,0,0,0,0,2,0,0,36,1,0,1,2,2,1,1,0
3,6,2,0,0,1,0,0,0,1766,0,2,1,0,0,1,0,0,2,0,0,21,0,1,0,1,2,1,0,0
3,12,2,0,0,0,0,0,1,1542,0,3,2,0,1,0,0,0,4,0,0,36,0,0,1,1,2,1,1,0
3,18,4,0,1,0,0,0,0,3850,0,3,3,0,1,0,0,0,1,0,0,27,0,0,1,2,2,1,0,0
0,18,2,0,0,1,0,0,0,3650,0,1,1,0,0,0,0,0,4,0,0,22,0,1,0,1,2,1,0,0
1,18,2,0,0,1,0,0,0,3001,0,3,2,0,0,0,0,0,4,1,0,40,0,1,0,1,2,1,0,0
3,36,2,1,0,0,0,0,0,3079,4,2,4,0,1,0,0,0,4,1,0,36,0,0,1,1,2,1,0,0
3,18,4,0,0,0,1,0,0,6070,0,4,3,0,1,0,0,0,4,0,0,33,0,0,1,2,2,1,1,0
3,10,4,0,0,1,0,0,0,2146,0,1,1,0,0,0,0,0,3,1,0,23,0,1,0,2,2,1,0,0
3,60,4,1,0,0,0,0,0,13756,4,4,2,0,1,0,0,0,4,0,1,63,1,0,0,1,3,1,1,0
3,18,3,0,0,0,1,0,0,2320,0,0,2,0,0,1,0,0,3,1,0,34,0,0,1,2,2,1,0,0
3,7,3,0,0,0,1,0,0,846,4,4,3,0,1,0,0,0,4,0,1,36,0,0,0,1,2,1,0,0
3,6,4,1,0,0,0,0,0,362,1,2,4,0,0,0,0,0,4,0,0,52,0,0,1,2,1,1,0,0
0,20,2,0,0,1,0,0,0,2212,4,3,4,0,1,0,0,0,4,0,0,39,0,0,1,1,2,1,1,0
3,22,2,1,0,0,0,0,0,1283,4,3,4,0,0,0,0,0,4,0,0,25,0,1,0,1,2,1,0,0
2,12,2,1,0,0,0,0,0,1330,0,1,4,0,1,0,0,0,1,1,0,26,0,0,1,1,2,1,0,0
3,30,3,0,0,0,0,0,1,4272,1,2,2,0,1,0,0,0,2,0,0,26,0,0,1,2,1,1,0,0
3,18,4,0,0,0,1,0,0,2238,0,2,2,0,0,0,0,0,1,0,0,25,0,0,1,2,2,1,0,0
3,18,2,0,0,0,1,0,0,1126,4,1,4,0,0,0,0,0,2,1,0,21,0,1,0,1,2,1,1,0
1,18,4,0,0,1,0,0,0,7374,0,0,4,0,1,0,0,0,4,0,0,40,1,0,1,2,3,1,1,0
1,15,4,0,0,0,0,0,1,2326,2,2,2,0,1,0,0,0,4,0,0,27,1,0,1,1,2,1,0,0
3,9,2,0,0,0,0,0,1,1449,0,3,3,0,0,0,0,0,2,0,0,27,0,0,1,2,2,1,0,0
3,18,2,1,0,0,0,0,0,1820,0,2,2,0,0,1,0,0,2,0,0,30,0,0,1,1,3,1,1,0
1,12,2,0,0,1,0,0,0,983,3,1,1,0,0,0,0,0,4,1,0,19,0,1,0,1,1,1,0,0
0,36,2,1,0,0,0,0,0,3249,0,3,2,0,1,0,0,0,4,0,1,39,1,0,0,1,3,2,1,0
0,6,4,0,0,0,1,0,0,1957,0,3,1,0,0,0,0,0,4,0,0,31,0,0,1,1,2,1,0,0
3,9,4,0,0,1,0,0,0,2406,0,0,2,0,1,0,0,0,3,0,0,31,0,0,1,1,3,1,0,0
1,39,3,0,0,0,0,1,0,11760,1,3,2,0,1,0,0,0,3,0,1,32,0,1,0,1,2,1,1,0
0,12,2,0,0,1,0,0,0,2578,0,0,3,0,0,0,0,0,4,0,1,55,0,0,0,1,3,1,0,0
0,36,4,0,0,1,0,0,0,2348,0,2,3,0,0,1,0,0,2,0,0,46,0,0,1,2,2,1,1,0
3,24,4,0,0,0,1,0,0,1516,3,2,4,0,0,0,0,0,1,1,0,43,0,0,1,2,1,1,0,0
3,18,2,0,0,0,1,0,0,1473,0,1,3,0,0,1,0,0,4,1,0,39,0,0,1,1,2,1,1,0
1,18,4,0,0,0,0,0,1,1887,4,2,4,0,0,1,0,0,4,1,0,28,1,0,1,2,2,1,0,0
3,14,3,1,0,0,0,0,0,802,0,2,4,0,1,0,0,0,2,0,0,27,0,0,1,2,1,1,0,0
1,18,3,1,0,0,0,0,0,2899,4,4,4,0,1,0,0,0,4,0,0,43,0,0,1,1,2,2,0,0
3,24,4,0,1,0,0,0,0,2197,4,3,4,0,1,0,0,0,4,0,0,43,0,0,1,2,2,2,1,0
0,15,2,0,0,0,1,0,0,1053,0,1,4,0,0,1,0,0,2,1,0,27,0,0,1,1,2,1,0,1
3,24,2,0,0,0,1,0,0,3235,2,4,3,1,0,0,0,0,2,0,0,26,0,0,1,1,3,1,1,0
1,24,2,0,0,0,1,0,0,1967,0,4,4,0,0,0,0,0,4,0,0,20,0,0,1,1,2,1,1,0
3,33,4,0,1,0,0,0,0,7253,0,3,3,0,1,0,0,0,2,0,0,35,0,0,1,2,3,1,1,0
3,10,2,1,0,0,0,0,0,1597,2,2,3,0,1,0,0,0,2,0,1,40,0,1,0,1,1,2,0,1
3,36,4,0,1,0,0,0,0,5842,0,4,2,0,1,0,0,0,2,0,0,35,0,0,1,2,2,2,1,0
0,18,3,0,0,0,0,1,0,8471,4,2,1,0,0,0,0,0,2,0,0,23,0,1,0,2,2,1,1,0
3,21,2,1,0,0,0,0,0,2782,2,3,1,0,0,0,0,0,2,0,0,31,1,0,1,1,3,1,0,0
3,15,2,1,0,0,0,0,0,3186,3,3,2,0,0,0,0,0,3,0,0,20,0,1,0,1,2,1,0,0
1,12,2,0,1,0,0,0,0,2028,4,2,4,0,1,0,0,0,2,0,0,30,0,0,1,1,2,1,0,0
1,12,4,1,0,0,0,0,0,958,0,3,2,0,1,0,0,0,3,1,0,47,0,0,1,2,1,2,0,0
3,21,3,0,0,1,0,0,0,1591,1,3,4,0,1,0,0,0,3,1,0,34,0,0,1,2,3,1,0,0
1,18,2,0,1,0,0,0,0,2779,0,2,1,0,0,1,0,0,3,0,0,21,0,1,0,1,2,1,1,0
3,28,4,0,0,0,1,0,0,2743,0,4,4,0,1,0,0,0,2,0,0,29,0,0,1,2,2,1,0,0
3,18,4,0,0,0,1,0,0,1149,3,2,4,0,1,0,0,0,3,1,0,46,0,0,1,2,2,1,0,0
3,9,2,0,0,1,0,0,0,1313,0,4,1,0,1,0,0,0,4,0,0,20,0,0,1,1,2,1,0,0
3,5,2,0,0,0,0,0,1,3448,0,3,1,0,1,0,0,0,4,1,0,74,0,0,1,1,1,1,0,0
0,6,4,0,0,1,0,0,0,1872,0,0,4,0,1,0,0,0,4,0,1,36,0,0,0,3,3,1,1,0
3,24,4,0,0,0,0,0,0,2058,0,2,4,1,0,0,0,0,2,1,0,33,0,0,1,2,2,1,1,0
0,9,2,0,0,1,0,0,0,2136,0,2,3,0,1,0,0,0,2,1,0,25,0,0,1,1,2,1,0,0
3,6,2,0,0,0,0,0,0,660,2,3,2,0,0,1,0,0,4,1,0,23,0,1,0,1,1,1,0,0
3,24,4,1,0,0,0,0,0,1287,3,4,4,0,0,0,0,0,4,1,0,37,0,0,1,2,2,1,1,0
0,42,4,0,0,0,0,0,0,3394,0,0,4,0,1,0,1,0,4,0,0,65,0,0,1,2,0,1,0,0
3,12,2,1,0,0,0,0,0,1884,0,4,4,0,1,0,0,0,4,0,0,39,0,0,1,1,3,1,1,0
0,12,2,0,0,1,0,0,0,1620,0,2,2,0,0,0,1,0,3,0,0,30,0,0,1,1,2,1,0,0
1,20,3,0,0,0,0,0,0,2629,0,2,2,0,1,0,0,0,3,0,0,29,1,0,1,2,2,1,1,0
3,9,4,0,0,0,0,1,0,1244,4,4,4,0,0,0,0,0,4,0,0,41,0,1,0,2,1,1,0,0
1,7,2,0,0,0,1,0,0,2576,0,2,2,0,1,0,0,1,2,1,0,35,0,0,1,1,2,1,0,0
2,12,2,0,0,1,0,0,0,1424,4,4,3,0,0,0,0,0,4,1,0,55,0,0,1,1,3,1,1,0
3,36,4,0,1,0,0,0,0,11054,4,2,4,0,1,0,0,0,2,0,0,30,0,0,1,1,3,1,1,0
3,6,2,0,0,0,1,0,0,518,0,2,3,0,0,0,0,0,1,1,0,29,0,0,1,1,2,1,0,0
3,12,0,0,0,1,0,0,0,2759,0,4,2,0,1,0,0,0,4,0,0,34,0,0,1,2,2,1,0,0
3,24,2,0,1,0,0,0,0,2670,0,4,4,0,1,0,0,0,4,0,0,35,0,0,1,1,3,1,1,0
3,24,2,0,1,0,0,0,0,2679,0,1,4,0,0,0,0,0,1,0,1,29,0,0,1,1,3,1,1,0
0,11,4,1,0,0,0,0,0,3905,0,2,2,0,1,0,0,0,2,1,0,36,0,1,0,2,2,2,0,0
0,6,2,0,0,0,0,0,0,343,0,1,4,0,0,0,0,0,1,1,0,27,0,0,1,1,2,1,0,0
3,18,2,0,0,0,1,0,0,4594,0,1,3,0,1,0,0,0,2,0,0,32,0,0,1,1,2,1,1,0
0,36,2,0,0,1,0,0,0,3620,0,2,1,0,1,0,0,1,2,0,0,37,0,0,1,1,2,2,0,0
0,15,2,1,0,0,0,0,0,1721,0,1,2,0,1,0,0,0,3,1,0,36,0,0,1,1,2,1,0,0
1,12,2,0,0,1,0,0,0,3017,0,1,3,0,0,0,0,0,1,1,0,34,0,1,0,1,3,1,0,0
1,12,2,0,0,0,0,0,0,754,4,4,4,0,1,0,0,0,4,0,0,38,0,0,1,2,2,1,0,0
3,18,2,0,0,0,0,0,1,1950,0,3,4,0,1,0,0,0,1,0,0,34,1,0,1,2,2,1,1,0
0,24,2,0,1,0,0,0,0,2924,0,2,3,0,1,0,0,1,4,0,1,63,1,0,1,1,2,2,1,0
3,48,3,0,0,0,1,0,0,7238,4,4,3,0,1,0,0,0,3,0,0,32,1,0,1,2,2,2,0,0
3,33,3,0,0,0,0,0,1,2764,0,2,2,0,0,0,0,0,2,0,0,26,0,0,1,2,2,1,1,0
3,24,3,0,1,0,0,0,0,4679,0,3,3,0,1,0,0,0,3,0,0,35,0,0,1,2,1,1,1,0
3,6,2,0,0,0,0,0,0,1238,4,0,4,0,1,0,0,0,4,0,0,36,0,0,1,1,3,2,1,0
3,39,2,0,1,0,0,0,0,2569,2,2,4,0,1,0,0,0,4,0,0,24,0,0,1,1,2,1,0,0
2,24,2,0,0,0,1,0,0,5152,0,3,4,0,1,0,0,0,2,0,0,25,1,0,1,1,2,1,0,0
1,12,2,0,0,0,0,0,1,1037,1,3,3,0,1,0,0,0,4,1,0,39,0,0,1,1,1,1,0,0
0,15,4,0,0,1,0,0,0,1478,0,4,4,0,1,0,0,0,4,0,0,44,0,0,1,2,2,2,1,0
1,12,4,0,0,0,1,0,0,3573,0,2,1,0,0,0,0,0,1,1,0,23,0,0,1,1,1,1,0,0
1,24,2,1,0,0,0,0,0,1201,0,1,4,0,1,0,0,0,1,0,0,26,0,0,1,1,2,1,0,0
0,30,2,0,0,1,0,0,0,3622,3,4,4,0,0,0,0,0,4,0,0,57,0,1,0,2,2,1,1,0
3,15,3,0,0,1,0,0,0,960,3,3,3,0,0,0,0,0,2,0,0,30,0,0,1,2,2,1,0,0
3,12,4,1,0,0,0,0,0,1163,2,2,4,0,1,0,0,0,4,1,0,44,0,0,1,1,2,1,1,0
3,12,2,0,0,0,1,0,0,3077,0,2,2,0,1,0,0,0,4,0,0,52,0,0,1,1,2,1,1,0
3,24,2,1,0,0,0,0,0,3757,0,4,4,0,0,0,1,0,4,0,1,62,0,0,0,1,2,1,1,0
3,10,2,1,0,0,0,0,0,1418,1,2,3,0,1,0,0,0,2,1,0,35,0,1,0,1,1,1,0,1
3,6,2,1,0,0,0,0,0,3518,0,2,2,0,1,0,0,1,3,0,0,26,0,1,0,1,2,1,0,0
3,12,4,0,0,0,1,0,0,1934,0,4,2,0,1,0,0,0,2,0,1,26,0,0,1,2,2,1,0,0
3,6,4,0,0,0,1,0,0,1237,1,2,1,0,0,0,0,0,1,0,0,27,0,0,1,2,2,1,0,0
1,6,2,0,0,0,1,0,0,368,4,4,4,0,1,0,0,0,4,0,0,38,0,0,1,1,2,1,0,0
0,12,4,1,0,0,0,0,0,2122,0,2,3,0,1,0,0,0,2,1,0,39,0,1,0,2,1,2,0,1
3,24,4,0,0,1,0,0,0,1585,0,3,4,0,1,0,0,0,3,0,0,40,0,0,1,2,2,1,0,0
1,18,2,0,0,0,1,0,0,1301,0,4,4,0,0,1,0,1,2,1,0,32,0,0,1,1,1,1,0,0
2,6,4,1,0,0,0,0,0,1323,1,4,2,1,0,0,0,0,4,0,0,28,0,0,1,2,2,2,1,0
0,36,2,0,1,0,0,0,0,5493,0,4,2,0,1,0,0,0,4,0,1,42,0,0,0,1,2,2,0,0
2,9,2,0,0,0,1,0,0,1126,1,4,2,1,0,0,0,0,4,1,0,49,0,0,1,1,2,1,0,0
2,15,4,0,1,0,0,0,0,2360,2,2,2,0,1,0,0,0,2,0,0,36,0,0,1,1,2,1,1,0
3,24,2,0,0,0,1,0,0,1413,0,2,4,0,0,1,0,0,2,0,0,28,0,0,1,1,2,1,0,0
3,39,2,0,1,0,0,0,0,8588,1,4,4,0,1,0,0,0,2,0,0,45,0,0,1,1,3,1,1,0
3,36,2,0,1,0,0,0,0,4686,0,2,2,0,1,0,0,0,2,0,1,32,0,0,0,1,3,1,1,0
2,15,2,0,0,0,0,0,1,2687,0,3,2,0,1,0,0,0,4,0,0,26,0,1,0,1,2,1,1,0
1,12,3,0,0,0,1,0,0,585,0,2,4,0,0,1,1,0,4,1,0,20,0,1,0,2,2,1,0,0
3,24,2,1,0,0,0,0,0,2255,4,1,4,0,1,0,0,0,1,0,0,54,0,0,1,1,2,1,0,0
0,6,4,1,0,0,0,0,0,609,0,3,4,0,0,0,0,0,3,0,0,37,0,0,1,2,2,1,0,1
0,6,4,1,0,0,0,0,0,1361,0,1,2,0,1,0,0,0,4,1,0,40,0,0,1,1,1,2,0,1
0,6,2,1,0,0,0,0,0,1203,1,4,3,0,1,0,0,0,2,0,0,43,0,0,1,1,2,1,1,0
3,6,4,0,0,0,1,0,0,700,4,4,4,0,1,0,0,0,4,0,1,36,0,0,0,2,2,1,0,0
3,24,4,0,0,0,0,0,0,5507,0,4,3,0,1,0,0,0,4,0,1,44,0,0,0,2,2,1,0,0
3,24,2,0,1,0,0,0,0,3488,1,3,3,0,0,0,0,0,4,0,0,23,0,0,1,1,2,1,0,0
1,18,2,0,0,0,1,0,0,1113,0,2,4,0,0,0,0,1,4,1,0,26,0,0,1,1,1,2,0,0
1,26,2,0,1,0,0,0,0,7966,0,1,2,0,1,0,0,0,3,0,0,30,0,0,1,2,2,1,0,0
3,15,4,0,0,0,0,1,0,1532,1,2,4,0,0,0,0,0,3,0,0,31,0,0,1,1,2,1,0,0
3,4,4,0,0,0,1,0,0,1503,0,3,2,0,1,0,0,0,1,1,0,42,0,0,1,2,1,2,0,0
0,6,2,1,0,0,0,0,0,662,0,1,3,0,1,0,0,0,4,1,0,41,0,0,1,1,1,2,1,0
1,36,2,0,0,0,0,1,0,2273,0,3,3,0,1,0,0,0,1,0,0,32,0,0,1,2,2,2,0,0
3,12,3,0,1,0,0,0,0,1503,0,2,4,0,0,1,0,0,4,1,0,41,0,1,0,1,2,1,0,0
3,24,2,0,0,0,1,0,0,1311,1,3,4,0,0,1,0,0,3,0,0,26,0,0,1,1,2,1,1,0
3,24,2,0,0,0,1,0,0,3105,4,1,4,0,1,0,0,0,2,0,0,25,0,0,1,2,2,1,0,0
0,6,2,1,0,0,0,0,0,1374,4,0,4,0,0,0,0,0,3,0,0,75,0,0,1,1,3,1,1,0
1,18,4,0,0,1,0,0,0,3612,0,4,3,0,0,0,0,0,4,0,0,37,0,0,1,1,2,1,1,0
2,18,2,0,0,1,0,0,0,3049,0,1,1,0,0,0,0,0,1,0,0,45,1,0,1,1,1,1,0,0
3,24,3,1,0,0,0,0,0,2032,0,4,4,0,1,0,0,0,4,0,1,60,0,0,0,2,2,1,1,0
3,12,4,1,0,0,0,0,0,1255,0,4,4,0,1,0,0,0,4,1,0,61,0,0,1,2,1,1,0,0
3,24,4,1,0,0,0,0,0,2022,0,2,4,0,0,0,0,0,4,0,0,37,0,0,1,1,2,1,1,0
3,24,2,0,0,0,1,0,0,1552,0,3,3,0,1,0,0,0,1,0,0,32,1,0,1,1,2,2,0,0
3,48,4,0,1,0,0,0,0,8858,4,3,2,0,1,0,0,0,1,0,1,35,0,0,0,2,2,1,1,0
3,12,4,0,0,0,0,0,0,996,4,3,4,0,0,0,0,0,4,1,0,23,0,0,1,2,2,1,0,0
3,6,1,0,0,0,1,0,0,1750,2,4,2,0,1,0,0,0,4,0,0,45,1,0,1,1,1,2,0,0
1,12,4,1,0,0,0,0,0,1995,1,1,4,0,1,0,0,0,1,0,0,27,0,0,1,1,2,1,0,0
1,9,2,0,0,0,0,1,0,1199,0,3,4,0,0,0,0,0,4,0,0,67,0,0,1,2,3,1,1,0
0,24,2,0,1,0,0,0,0,2964,4,4,4,0,1,0,0,0,4,0,1,49,1,0,0,1,2,2,1,0
2,6,3,0,0,0,1,0,0,683,0,1,2,0,0,0,0,0,1,0,0,29,1,0,1,1,2,1,0,0
1,24,3,0,0,0,0,0,1,4712,4,2,4,0,1,0,0,0,2,0,0,37,1,0,1,2,3,1,1,0
1,24,3,0,0,0,1,0,0,1553,1,3,3,0,0,0,0,0,2,0,0,23,0,1,0,2,2,1,1,0
3,24,4,0,0,0,1,0,0,2578,3,4,2,0,1,0,0,0,2,0,0,34,0,0,1,1,2,1,0,0
1,48,2,0,0,0,1,0,0,3979,4,3,4,0,1,0,0,0,1,0,0,41,0,0,1,2,2,2,1,0
3,30,4,0,0,0,1,0,0,5954,0,3,3,0,1,0,1,0,2,0,0,38,0,0,1,1,2,1,0,0
3,24,2,0,1,0,0,0,0,5433,4,0,2,0,0,0,0,0,4,0,0,26,0,1,0,1,3,1,1,0
0,15,2,0,0,0,0,0,1,806,0,2,4,0,0,0,0,0,4,0,0,22,0,0,1,1,1,1,0,0
1,9,2,0,0,0,1,0,0,1082,0,4,4,0,1,0,0,0,4,0,0,27,0,0,1,2,1,1,0,0
3,15,4,0,0,1,0,0,0,2788,0,3,2,0,0,0,1,0,3,0,0,24,1,0,1,2,2,1,0,0
1,12,2,0,0,0,1,0,0,2930,0,3,2,0,0,0,0,0,1,1,0,27,0,0,1,1,2,1,0,0
3,24,4,0,0,0,0,1,0,1927,4,2,3,0,0,0,0,0,2,0,0,33,0,0,1,2,2,1,1,0
3,24,2,0,0,0,0,0,0,937,0,1,4,0,0,1,0,0,3,0,0,27,0,0,1,2,1,1,0,0
1,12,4,1,0,0,0,0,0,3124,0,1,1,0,1,0,0,0,3,1,0,49,1,0,1,2,1,2,0,0
3,9,2,0,0,1,0,0,0,1388,0,2,4,0,0,0,0,0,2,1,0,26,0,1,0,1,2,1,0,0
3,12,2,1,0,0,0,0,0,2133,4,4,4,0,0,0,0,0,4,0,1,52,0,0,0,1,3,1,1,0
0,9,4,1,0,0,0,0,0,2799,0,2,2,0,1,0,0,0,2,1,0,36,0,1,0,2,2,2,0,0
0,12,2,0,0,1,0,0,0,1289,0,2,4,0,1,0,0,1,1,0,0,21,0,0,1,1,1,1,0,0
0,12,4,0,0,0,1,0,0,385,0,3,4,0,0,0,0,0,3,1,0,58,0,0,1,4,1,1,1,0
1,24,3,1,0,0,0,0,0,1965,4,2,4,0,0,0,0,0,4,0,0,42,0,1,0,2,2,1,1,0
3,21,2,0,0,0,0,0,1,1572,3,4,4,0,0,0,0,0,4,1,0,36,1,0,1,1,1,1,0,0
3,24,3,0,0,0,0,0,1,3863,0,2,1,0,1,0,0,0,2,0,1,32,0,0,0,1,2,1,0,0
1,7,2,0,0,0,1,0,0,2329,0,1,1,0,0,0,0,1,1,1,0,45,0,0,1,1,2,1,0,0
2,10,2,0,0,1,0,0,0,1275,0,1,4,0,0,0,0,0,2,0,0,23,0,0,1,1,2,1,0,0
0,24,1,0,0,1,0,0,0,2828,2,2,4,0,1,0,0,0,4,1,0,22,1,0,1,1,2,1,1,0
3,24,4,0,0,0,0,0,1,4526,0,2,3,0,1,0,0,0,2,1,0,74,0,0,1,1,3,1,1,0
3,18,2,0,0,0,1,0,0,2051,0,1,4,0,1,0,0,0,1,1,0,33,0,0,1,1,2,1,0,0
3,15,2,0,1,0,0,0,0,1300,4,4,4,0,1,0,0,0,4,0,1,45,1,0,0,1,2,2,0,0
0,21,2,0,0,0,1,0,0,3357,3,1,4,0,0,0,0,0,2,0,0,29,1,0,1,1,2,1,0,0
0,24,1,0,1,0,0,0,0,3632,0,2,1,0,0,0,0,1,4,0,0,22,1,1,0,1,2,1,0,1
1,48,0,0,0,0,0,0,1,12204,4,2,2,0,1,0,0,0,2,0,0,48,1,0,1,1,3,1,1,0
1,60,3,0,0,0,1,0,0,9157,4,2,2,0,1,0,0,0,2,0,1,27,0,0,0,1,3,1,0,0
0,6,4,1,0,0,0,0,0,3676,0,2,1,0,1,0,0,0,3,1,0,37,0,1,0,3,2,2,0,0
3,12,2,1,0,0,0,0,0,640,0,2,4,1,0,0,0,0,2,1,0,49,0,0,1,1,1,1,0,0
1,21,4,0,0,0,0,0,1,3652,0,3,2,0,1,0,0,0,3,0,0,27,0,0,1,2,2,1,0,0
0,12,2,0,0,1,0,0,0,1858,0,1,4,0,0,0,0,0,1,0,0,22,0,1,0,1,2,1,0,0
3,15,2,0,0,0,1,0,0,1979,4,4,4,0,1,0,0,0,2,0,0,35,0,0,1,1,2,1,0,0
2,6,2,0,0,1,0,0,0,2116,0,2,2,0,1,0,0,0,2,1,0,41,0,0,1,1,2,1,1,0
3,42,4,0,0,1,0,0,0,4042,2,2,4,0,1,0,0,0,4,1,0,36,0,0,1,2,2,1,1,0
3,9,2,0,0,0,0,1,0,3832,4,4,1,0,1,0,0,0,4,1,0,64,0,0,1,1,1,1,0,0
0,24,2,0,0,0,1,0,0,3660,0,2,2,0,0,0,0,0,4,0,0,28,0,0,1,1,2,1,0,0
1,15,2,0,0,0,1,0,0,1444,4,1,4,0,1,0,0,0,1,0,0,23,0,0,1,1,2,1,0,0
3,12,2,0,0,0,0,1,0,1393,0,4,4,0,1,0,0,0,4,0,0,47,1,0,1,3,2,2,1,0
3,24,2,0,0,0,1,0,0,1376,2,3,4,0,0,0,0,0,1,0,0,28,0,0,1,1,2,1,0,0
3,60,3,0,0,0,1,0,0,15653,0,3,2,0,1,0,0,0,4,0,0,21,0,0,1,2,2,1,1,0
3,12,2,0,0,0,1,0,0,1493,0,1,4,0,0,0,0,0,3,0,0,34,0,0,1,1,2,2,0,0
1,15,2,0,0,0,0,0,0,1308,0,4,4,0,1,0,0,0,4,0,0,38,0,0,1,2,1,1,0,0
3,24,4,0,0,0,1,0,0,1851,0,3,4,0,0,1,0,1,2,0,0,33,0,0,1,2,2,1,1,0
0,18,4,0,0,0,1,0,0,1880,0,3,4,0,0,1,0,0,1,0,0,32,0,0,1,2,3,1,1,0
0,30,0,0,0,1,0,0,0,4583,0,2,2,1,0,0,0,1,2,1,0,32,0,0,1,2,2,1,0,0
0,48,2,0,0,0,0,1,0,7476,0,3,4,0,1,0,0,0,1,0,1,50,0,0,0,1,3,1,1,0
3,24,4,0,1,0,0,0,0,2346,0,3,4,0,1,0,0,0,3,0,0,35,0,0,1,2,2,1,1,0
0,14,2,1,0,0,0,0,0,3973,0,0,1,0,1,0,0,0,4,0,1,22,0,0,0,1,2,1,0,0
3,48,2,0,0,0,1,0,0,10222,4,3,4,0,1,0,0,0,3,0,0,37,1,0,1,1,2,1,1,0
1,30,0,0,0,0,0,0,1,4221,0,2,2,0,0,0,0,0,1,0,0,28,0,0,1,2,2,1,0,0
1,18,4,0,0,1,0,0,0,6361,0,4,2,0,1,0,0,0,1,0,1,41,0,0,1,1,2,1,1,0
2,12,2,0,0,0,1,0,0,1297,0,2,3,0,0,1,0,0,4,1,0,23,0,1,0,1,2,1,0,0
3,21,2,0,0,1,0,0,0,2241,0,4,4,0,1,0,0,0,2,1,0,50,0,0,1,2,2,1,0,0
1,6,3,0,0,1,0,0,0,1050,0,0,4,0,1,0,0,0,1,0,0,35,1,0,1,2,3,1,1,0
2,6,4,0,0,0,0,1,0,1047,0,2,2,0,0,0,0,0,4,0,0,50,0,0,1,1,1,1,0,0
3,24,4,0,0,0,0,0,0,6314,0,0,4,0,1,0,1,0,2,0,1,27,1,0,1,2,3,1,1,0
1,30,1,0,0,1,0,0,0,3496,3,2,4,0,1,0,0,0,2,0,0,34,1,0,1,1,2,2,1,0
3,48,1,0,0,0,0,0,1,3609,0,2,1,0,0,0,0,0,1,1,0,27,1,0,1,1,2,1,0,0
2,30,4,0,0,0,1,0,0,3017,0,4,4,0,1,0,0,0,4,0,0,47,0,0,1,1,2,1,0,0
3,24,4,0,0,0,0,0,1,4139,1,2,3,0,1,0,0,0,3,0,0,27,0,0,1,2,1,1,1,0
3,36,2,0,0,0,0,0,1,5742,1,3,2,0,1,0,0,0,2,0,0,31,0,0,1,2,2,1,1,0
3,60,2,1,0,0,0,0,0,10366,0,4,2,0,1,0,0,0,4,0,0,42,0,0,1,1,3,1,1,0
3,6,4,1,0,0,0,0,0,2080,2,2,1,0,0,1,0,0,2,0,0,24,0,0,1,1,2,1,0,0
3,30,4,0,0,0,1,0,0,4530,0,3,4,0,0,0,0,0,4,0,0,26,0,1,0,1,3,1,1,0
3,24,4,0,0,1,0,0,0,5150,0,4,4,0,1,0,0,0,4,0,0,33,0,0,1,1,2,1,1,0
0,24,2,0,0,0,1,0,0,2384,0,4,4,0,1,0,0,0,4,1,0,64,1,1,0,1,1,1,0,0
3,18,2,0,0,0,1,0,0,1453,0,1,3,0,0,0,0,0,1,1,0,26,0,0,1,1,2,1,0,0
3,6,2,0,0,0,0,1,0,1538,0,1,1,0,0,0,0,0,2,0,1,56,0,0,1,1,2,1,0,0
3,12,2,0,0,0,1,0,0,2279,4,2,4,0,1,0,0,0,4,0,1,37,0,0,0,1,2,1,1,0
3,15,3,0,0,0,1,0,0,1478,0,2,4,0,0,1,0,0,3,1,0,33,1,0,1,2,2,1,0,0
3,24,4,0,0,0,1,0,0,5103,0,1,3,0,0,1,0,0,3,0,1,47,0,0,0,3,2,1,1,0
1,36,3,0,0,0,0,0,1,9857,1,3,1,0,1,0,0,0,3,0,0,31,0,0,1,2,1,2,1,0
3,60,2,1,0,0,0,0,0,6527,4,2,4,0,1,0,0,0,4,0,1,34,0,0,0,1,2,2,1,0
2,10,4,0,0,0,1,0,0,1347,4,3,4,0,1,0,0,0,2,0,0,27,0,0,1,2,2,1,1,0
1,36,3,1,0,0,0,0,0,2862,1,4,4,0,1,0,0,0,3,0,1,30,0,0,0,1,2,1,0,0
3,9,2,0,0,0,1,0,0,2753,1,4,3,0,1,0,1,0,4,0,0,35,0,0,1,1,2,1,1,0
0,12,2,1,0,0,0,0,0,3651,3,2,1,0,1,0,0,0,3,0,0,31,0,0,1,1,2,2,0,0
0,15,4,0,0,1,0,0,0,975,0,2,2,1,0,0,0,0,3,0,0,25,0,0,1,2,2,1,0,0
1,15,2,0,0,0,0,0,0,2631,1,2,3,0,0,0,0,0,2,1,0,25,0,0,1,1,1,1,0,0
1,24,2,0,0,0,1,0,0,2896,1,1,2,0,1,0,0,0,1,0,0,29,0,0,1,1,2,1,0,0
0,6,4,1,0,0,0,0,0,4716,4,1,1,0,1,0,0,0,3,1,0,44,0,0,1,2,1,2,0,0
3,24,2,0,0,0,1,0,0,2284,0,3,4,0,1,0,0,0,2,0,0,28,0,0,1,1,2,1,1,0
3,6,2,0,1,0,0,0,0,1236,2,2,2,0,1,0,0,0,4,0,0,50,0,1,0,1,2,1,0,0
1,12,2,0,0,0,1,0,0,1103,0,3,4,0,1,0,0,1,3,1,0,29,0,0,1,2,2,1,0,1
3,12,4,1,0,0,0,0,0,926,0,0,1,0,0,0,0,0,2,0,0,38,0,0,1,1,0,1,0,0
3,18,4,0,0,0,1,0,0,1800,0,2,4,0,1,0,0,0,2,0,0,24,0,0,1,2,2,1,0,0
2,15,2,0,0,0,0,1,0,1905,0,4,4,0,1,0,0,0,4,0,0,40,0,1,0,1,3,1,1,0
2,24,2,0,0,0,1,0,0,1377,1,4,4,0,0,0,0,0,2,0,1,47,0,0,0,1,2,1,1,0
1,30,3,0,0,0,0,0,1,2503,1,4,4,0,1,0,0,0,2,0,0,41,1,0,1,2,2,1,0,0
1,27,2,0,0,0,0,0,1,2528,0,1,4,0,0,0,0,0,1,0,0,32,0,0,1,1,2,2,1,0
3,15,2,1,0,0,0,0,0,5324,2,4,1,0,0,0,0,0,4,0,1,35,0,0,0,1,2,1,0,0
1,9,2,0,0,0,1,0,0,1206,0,4,4,0,0,0,0,0,4,1,0,25,0,0,1,1,2,1,0,0
1,9,2,0,0,0,1,0,0,2118,0,2,2,0,1,0,0,0,2,1,0,37,0,0,1,1,1,2,0,0
3,18,4,0,0,0,1,0,0,629,2,4,4,0,1,0,0,0,3,0,0,32,1,0,1,2,3,1,1,0
3,21,2,0,1,0,0,0,0,2476,4,4,4,0,1,0,0,0,4,1,0,46,0,0,1,1,3,1,1,0
0,9,4,0,0,0,1,0,0,1138,0,2,4,0,1,0,0,0,4,1,0,25,0,0,1,2,1,1,0,0
3,30,4,0,1,0,0,0,0,7596,4,4,1,0,1,0,0,0,4,0,0,63,0,0,1,2,2,1,0,0
3,30,4,0,0,0,1,0,0,3077,4,4,3,0,1,0,0,0,2,0,0,40,0,0,1,2,2,2,1,0
3,18,2,0,0,0,1,0,0,1505,0,2,4,0,1,0,0,0,2,0,1,32,0,0,0,1,3,1,1,0
2,24,4,0,0,0,1,0,0,3148,4,2,3,0,1,0,0,0,2,0,0,31,0,0,1,2,2,1,1,0
1,20,0,0,1,0,0,0,0,6148,1,4,3,0,0,1,0,0,4,0,0,31,1,0,1,2,2,1,1,0
1,9,2,0,0,0,1,0,0,790,2,2,4,0,0,0,0,0,3,1,0,66,0,0,1,1,1,1,0,0
3,6,4,1,0,0,0,0,0,250,3,2,2,0,0,0,0,0,2,1,0,41,1,0,1,2,1,1,0,0
3,15,4,0,0,0,1,0,0,1316,2,2,2,0,0,1,0,0,2,0,0,47,0,0,1,2,1,1,0,0
2,24,4,0,0,0,0,0,1,1275,3,2,2,1,0,0,0,0,4,1,0,36,0,0,1,2,2,1,1,0
1,24,3,0,0,0,1,0,0,6403,0,1,1,0,1,0,0,0,2,0,0,33,0,0,1,1,2,1,0,0
1,8,2,0,0,0,1,0,0,760,0,3,4,0,0,0,0,1,2,1,0,44,0,0,1,1,1,1,0,0
3,24,2,0,1,0,0,0,0,2603,3,2,2,0,0,0,0,0,4,0,0,28,0,1,0,1,2,1,1,0
3,4,4,1,0,0,0,0,0,3380,0,3,1,0,0,0,0,0,1,1,0,37,0,0,1,1,2,2,0,0
1,36,1,0,0,0,0,0,0,3990,4,1,3,0,0,0,0,0,2,0,1,29,1,0,1,1,0,1,0,0
0,18,2,1,0,0,0,0,0,4380,1,2,3,0,1,0,0,0,4,0,0,35,0,0,1,1,1,2,1,0
3,6,4,1,0,0,0,0,0,6761,0,3,1,0,1,0,0,0,3,0,1,45,0,0,1,2,3,2,1,0
0,24,1,1,0,0,0,0,0,2325,1,3,2,0,1,0,0,0,3,0,0,32,1,0,1,1,2,1,0,0
1,10,1,0,0,0,1,0,0,1048,0,2,4,0,1,0,0,0,4,1,0,23,1,0,1,1,1,1,0,0
3,21,2,0,0,0,1,0,0,3160,4,4,4,0,1,0,0,0,3,0,0,41,0,0,1,1,2,1,1,0
0,24,1,0,0,1,0,0,0,2483,2,2,4,0,1,0,0,0,4,1,0,22,1,0,1,1,2,1,1,0
0,39,4,0,0,1,0,0,0,14179,4,3,4,0,1,0,0,0,4,0,0,30,0,0,1,2,3,1,1,0
0,13,4,0,0,0,0,0,1,1797,0,1,3,0,1,0,0,0,1,0,0,28,1,0,1,2,1,1,0,0
0,15,2,1,0,0,0,0,0,2511,0,0,1,0,0,0,0,0,4,0,0,23,0,1,0,1,2,1,0,0
3,21,2,0,1,0,0,0,0,5248,4,2,1,0,1,0,0,0,3,0,0,26,0,0,1,1,2,1,0,0
3,15,2,0,1,0,0,0,0,3029,0,3,2,0,1,0,0,0,2,0,0,33,0,0,1,1,2,1,0,0
0,6,2,0,0,1,0,0,0,428,0,4,2,0,0,0,0,0,1,0,0,49,1,0,1,1,2,1,1,0
1,12,2,0,0,0,0,0,1,841,1,3,2,0,0,0,0,0,4,1,0,23,0,1,0,1,1,1,0,0
3,30,4,0,0,0,1,0,0,5771,0,3,4,0,0,0,0,0,2,0,0,25,0,0,1,2,2,1,0,0
2,6,4,1,0,0,0,0,0,1299,0,2,1,0,1,0,0,0,1,1,0,74,0,0,1,3,0,2,0,1
3,24,2,1,0,0,0,0,0,1393,0,2,2,0,1,0,0,1,2,1,0,31,0,0,1,1,2,1,1,0
3,15,4,1,0,0,0,0,0,5045,4,4,1,0,0,0,0,0,4,0,0,59,0,0,1,1,2,1,1,0
0,12,2,0,0,0,1,0,0,2214,0,2,4,0,1,0,0,0,3,0,0,24,0,0,1,1,1,1,0,0
3,24,4,1,0,0,0,0,0,2463,1,3,4,0,0,1,0,0,3,0,0,27,0,0,1,2,2,1,1,0
1,12,2,0,0,0,1,0,0,1155,0,4,3,0,0,1,0,1,3,1,0,40,1,0,1,2,1,1,0,0
3,10,2,0,1,0,0,0,0,2901,4,1,1,0,0,0,0,0,4,1,0,31,0,1,0,1,2,1,0,0
1,12,4,0,0,1,0,0,0,3617,0,4,1,0,1,0,0,0,4,0,0,28,0,1,0,3,2,1,1,0
3,12,4,0,0,0,1,0,0,1655,0,4,2,0,1,0,0,0,4,1,0,63,0,0,1,2,1,1,1,0
0,24,2,0,1,0,0,0,0,2812,4,4,2,0,0,0,0,0,4,1,0,26,0,1,0,1,2,1,0,0
3,21,4,0,1,0,0,0,0,3275,0,4,1,0,1,0,0,0,4,0,0,36,0,0,1,1,3,1,1,0
3,24,4,0,0,0,1,0,0,2223,1,4,4,0,1,0,0,0,4,0,0,52,1,0,1,2,2,1,0,0
2,12,4,1,0,0,0,0,0,1480,2,0,2,0,1,0,0,0,4,0,1,66,1,0,0,3,0,1,0,0
3,36,4,1,0,0,0,0,0,3535,0,3,4,0,1,0,0,0,4,0,0,37,0,0,1,2,2,1,1,0
0,18,2,0,0,0,1,0,0,3509,0,3,4,0,0,0,0,1,1,1,0,25,0,0,1,1,2,1,0,0
3,36,4,0,1,0,0,0,0,5711,3,4,4,0,1,0,0,0,2,0,0,38,0,0,1,2,3,1,1,0
1,18,2,0,0,0,0,0,0,3872,0,0,2,0,0,0,0,0,4,0,0,67,0,0,1,1,2,1,1,0
3,24,4,1,0,0,0,0,0,1940,3,4,4,0,1,0,0,0,4,1,0,60,0,0,1,1,2,1,1,0
1,12,0,0,0,0,0,0,0,1410,0,2,2,0,1,0,0,0,2,1,0,31,0,0,1,1,1,1,1,0
1,20,2,0,1,0,0,0,0,6468,4,0,1,1,0,0,0,0,4,1,0,60,0,0,1,1,3,1,1,0
1,18,2,0,0,0,0,0,1,1941,3,2,4,0,1,0,0,0,2,0,0,35,0,0,1,1,1,1,1,0
3,22,2,0,0,0,1,0,0,2675,2,4,3,0,1,0,0,0,4,0,0,40,0,0,1,1,2,1,0,0
3,48,4,0,1,0,0,0,0,2751,4,4,4,0,1,0,0,0,3,0,0,38,0,0,1,2,2,2,1,0
3,24,2,0,1,0,0,0,0,6313,4,4,3,0,1,0,0,0,4,0,0,41,0,0,1,1,3,2,1,0
3,6,4,0,0,1,0,0,0,1221,4,2,1,0,0,1,0,0,2,0,0,27,0,0,1,2,2,1,0,0
2,24,2,0,0,1,0,0,0,2892,0,4,3,1,0,0,0,0,4,0,1,51,0,0,0,1,2,1,0,0
3,24,2,0,0,1,0,0,0,3062,2,4,4,0,1,0,0,0,3,0,1,32,0,1,0,1,2,1,1,0
3,9,2,0,0,1,0,0,0,2301,1,1,2,0,0,0,0,0,4,0,0,22,0,1,0,1,2,1,0,0
3,12,4,0,0,1,0,0,0,1258,0,1,2,0,0,0,0,0,4,0,0,22,0,1,0,2,1,1,0,0
3,24,3,1,0,0,0,0,0,717,4,4,4,0,0,1,0,0,4,0,0,54,0,0,1,2,2,1,1,0
1,9,2,1,0,0,0,0,0,1549,4,1,4,0,1,0,0,0,2,1,0,35,0,0,1,1,0,1,0,0
3,24,4,0,0,0,0,1,0,1597,0,4,4,0,1,0,0,0,4,0,1,54,0,0,0,2,2,2,0,0
1,18,4,0,0,0,1,0,0,1795,0,4,3,0,0,0,0,1,4,1,0,48,1,1,0,2,1,1,1,0
0,20,4,0,0,1,0,0,0,4272,0,4,1,0,0,0,0,0,4,0,0,24,0,0,1,2,2,1,0,0
3,12,4,0,0,0,1,0,0,976,4,4,4,0,1,0,0,0,4,0,0,35,0,0,1,2,2,1,0,0
1,12,2,1,0,0,0,0,0,7472,4,0,1,0,0,0,0,0,2,1,0,24,0,1,0,1,0,1,0,0
1,6,2,0,0,0,1,0,0,590,0,1,3,0,0,1,0,0,3,1,0,26,0,0,1,1,1,1,0,1
3,12,4,0,0,0,1,0,0,930,4,4,4,0,1,0,0,0,4,1,0,65,0,0,1,4,2,1,0,0
1,42,1,0,1,0,0,0,0,9283,0,0,1,0,1,0,0,0,2,0,1,55,1,0,0,1,3,1,1,0
1,8,2,0,0,0,0,0,1,907,0,1,3,0,0,1,0,0,2,1,0,26,0,0,1,1,2,1,1,0
1,6,2,0,0,0,1,0,0,484,0,3,3,0,0,1,0,1,3,1,0,28,1,0,1,1,1,1,0,0
1,36,3,1,0,0,0,0,0,7432,0,2,2,0,0,0,0,0,2,0,0,54,0,1,0,1,2,1,0,0
3,6,2,0,0,0,0,0,0,1338,2,2,1,1,0,0,0,0,4,1,0,62,0,0,1,1,2,1,0,0
3,6,4,0,0,0,1,0,0,1554,0,3,1,0,0,0,0,0,2,0,0,24,0,1,0,2,2,1,1,0
0,36,2,0,0,0,0,0,0,15857,0,0,2,1,0,0,1,0,3,0,0,43,0,0,1,1,3,1,0,0
3,12,2,1,0,0,0,0,0,1101,0,2,3,0,0,1,0,0,2,1,0,27,0,0,1,2,2,1,1,0
2,12,2,0,0,0,1,0,0,3016,0,2,3,0,0,1,0,0,1,0,0,24,0,0,1,1,2,1,0,0
0,8,4,1,0,0,0,0,0,731,0,4,4,0,1,0,0,0,4,1,0,47,0,0,1,2,1,1,0,0
3,18,4,0,0,1,0,0,0,3780,0,1,3,1,0,0,0,0,2,0,0,35,0,0,1,2,3,1,1,0
0,21,4,1,0,0,0,0,0,1602,0,4,4,0,0,1,0,0,3,0,0,30,0,0,1,2,2,1,1,0
1,48,3,0,0,0,0,0,1,6681,4,2,4,0,1,0,0,0,4,0,1,38,0,0,0,1,2,2,1,0
3,24,3,0,0,0,0,0,1,2375,2,2,4,0,1,0,0,0,2,0,0,44,0,0,1,2,2,2,1,0
1,24,2,0,0,0,1,0,0,5084,4,4,2,0,0,0,0,0,4,0,0,42,0,0,1,1,2,1,1,0
3,12,2,0,0,0,1,0,0,886,4,2,4,0,0,0,0,0,2,0,0,21,0,0,1,1,2,1,0,0
3,4,2,0,0,1,0,0,0,601,0,1,1,0,0,0,0,0,3,1,0,23,0,1,0,1,1,2,0,0
0,24,4,0,1,0,0,0,0,2957,0,4,4,0,1,0,0,0,4,0,0,63,0,0,1,2,2,1,1,0
3,24,4,0,0,0,1,0,0,2611,0,4,4,0,0,1,1,0,3,1,0,46,0,0,1,2,2,1,0,0
3,21,3,0,1,0,0,0,0,2993,0,2,3,0,1,0,0,0,2,1,0,28,1,0,1,2,1,1,0,0
3,24,1,0,0,0,0,0,1,1559,0,3,4,0,1,0,0,0,4,0,0,50,1,0,1,1,2,1,1,0
3,18,2,0,0,1,0,0,0,3422,0,4,4,0,1,0,0,0,4,0,0,47,1,0,1,3,2,2,1,0
1,21,2,0,0,1,0,0,0,3976,4,3,2,0,1,0,0,0,3,0,0,35,0,0,1,1,2,1,1,0
3,24,2,1,0,0,0,0,0,1249,0,1,4,0,0,1,0,0,2,1,0,28,0,0,1,1,2,1,0,0
0,9,2,0,0,0,1,0,0,1364,0,3,3,0,1,0,0,0,4,1,0,59,0,0,1,1,2,1,0,0
3,24,4,0,1,0,0,0,0,4042,4,3,3,0,1,0,0,0,4,0,0,43,0,0,1,2,2,1,1,0
3,15,4,0,0,0,1,0,0,1471,0,2,4,0,1,0,0,0,4,0,1,35,0,0,0,2,2,1,1,0
3,36,3,1,0,0,0,0,0,10875,0,4,2,0,1,0,0,0,2,0,0,45,0,0,1,2,2,2,1,0
3,24,2,1,0,0,0,0,0,1474,1,1,4,0,0,1,0,0,3,1,0,33,0,0,1,1,2,1,1,0
3,10,2,0,0,0,0,0,0,894,4,3,4,0,0,0,0,0,3,0,0,40,0,0,1,1,2,1,1,0
3,15,4,0,0,1,0,0,0,3343,0,2,4,0,1,0,0,0,2,0,1,28,0,0,0,1,2,1,1,0
3,9,2,1,0,0,0,0,0,3577,1,2,1,0,1,0,0,1,2,1,0,26,0,1,0,1,2,2,0,1
3,24,4,0,1,0,0,0,0,5804,3,2,4,0,1,0,0,0,2,1,0,27,0,0,1,2,2,1,0,0
3,27,4,0,0,1,0,0,0,4526,3,1,4,0,1,0,0,0,2,1,0,32,1,0,1,2,1,2,1,0
3,15,2,0,0,1,0,0,0,2221,2,2,2,0,0,0,0,0,4,0,0,20,0,1,0,1,2,1,0,0
0,18,2,0,0,0,1,0,0,2389,0,1,4,0,0,0,0,0,1,0,0,27,1,0,1,1,2,1,0,0
3,12,4,0,0,1,0,0,0,3331,0,4,2,0,1,0,0,0,4,0,0,42,1,0,1,1,2,1,0,0
3,36,2,0,0,0,0,0,1,7409,4,4,3,0,1,0,0,0,2,0,0,37,0,0,1,2,2,1,0,0
0,12,2,0,0,1,0,0,0,652,0,4,4,0,0,0,0,0,4,0,0,24,0,1,0,1,2,1,0,0
3,36,3,0,0,1,0,0,0,7678,2,3,2,0,0,0,0,0,4,0,0,40,0,0,1,2,2,1,1,0
2,6,4,1,0,0,0,0,0,1343,0,4,1,0,1,0,0,0,4,1,0,46,0,0,1,2,2,2,0,1
0,24,4,0,0,0,0,0,1,1382,1,3,4,0,1,0,0,0,1,1,0,26,0,0,1,2,2,1,1,0
3,15,2,0,0,0,0,0,0,874,4,1,4,0,0,0,0,0,1,1,0,24,0,0,1,1,2,1,0,0
0,12,2,0,0,1,0,0,0,3590,0,2,2,0,1,0,1,0,2,0,0,29,0,0,1,1,1,2,0,0
1,11,4,1,0,0,0,0,0,1322,3,2,4,0,0,0,0,0,4,0,0,40,0,0,1,2,2,1,0,0
0,18,1,0,0,0,1,0,0,1940,0,1,3,0,1,0,1,0,4,0,1,36,1,0,0,1,3,1,1,0
3,36,2,0,0,0,1,0,0,3595,0,4,4,0,1,0,0,0,2,0,0,28,0,0,1,1,2,1,0,0
3,30,4,0,0,0,1,0,0,6742,4,3,2,0,1,0,0,0,3,0,0,36,0,0,1,2,2,1,0,0
3,24,2,0,1,0,0,0,0,7814,0,3,3,0,1,0,0,0,3,0,0,38,0,0,1,1,3,1,1,0
3,24,2,0,1,0,0,0,0,9277,4,2,2,1,0,0,0,0,4,0,1,48,0,0,0,1,2,1,1,0
1,30,4,1,0,0,0,0,0,2181,4,4,4,0,1,0,0,0,4,1,0,36,0,0,1,2,2,1,0,0
3,18,4,0,0,0,1,0,0,1098,0,0,4,0,0,0,0,0,4,0,0,65,0,0,1,2,0,1,0,0
1,24,4,0,0,0,0,0,1,2825,4,3,4,0,1,0,0,0,3,0,1,34,0,0,1,2,2,2,1,0
3,36,4,1,0,0,0,0,0,6614,0,4,4,0,1,0,0,0,4,0,0,34,0,0,1,2,3,1,1,0
3,28,1,0,1,0,0,0,0,7824,4,1,3,0,1,0,0,1,4,1,0,40,1,1,0,2,2,2,1,0
0,27,4,0,0,0,0,0,1,2442,0,4,4,0,1,0,0,0,4,0,0,43,1,0,1,4,3,2,1,0
3,15,4,0,0,0,1,0,0,1829,0,4,4,0,1,0,0,0,4,0,0,46,0,0,1,2,2,1,1,0
0,12,4,1,0,0,0,0,0,2171,0,2,4,0,1,0,0,0,4,0,0,38,1,0,1,2,1,1,0,1
1,36,4,0,1,0,0,0,0,5800,0,2,3,0,1,0,0,0,4,0,0,34,0,0,1,2,2,1,1,0
3,18,4,0,0,0,1,0,0,1169,4,2,4,0,1,0,0,0,3,0,0,29,0,0,1,2,2,1,1,0
3,36,3,0,1,0,0,0,0,8947,4,3,3,0,1,0,0,0,2,0,0,31,1,0,1,1,3,2,1,0
0,21,2,0,0,0,1,0,0,2606,0,1,4,0,0,0,0,0,4,0,0,28,0,1,0,1,3,1,1,0
3,12,4,0,0,1,0,0,0,1592,3,3,3,0,0,0,0,0,2,0,0,35,0,0,1,1,2,1,0,1
3,15,2,0,0,1,0,0,0,2186,4,3,1,0,0,0,0,0,4,1,0,33,1,1,0,1,1,1,0,0
3,20,4,1,0,0,0,0,0,3485,4,1,2,1,0,0,0,0,4,1,0,44,0,0,1,2,2,1,1,0
3,36,4,0,1,0,0,0,0,10477,4,4,2,0,1,0,0,0,4,0,1,42,0,0,0,2,2,1,0,0
3,15,2,0,0,0,1,0,0,1386,4,2,4,0,0,1,0,0,2,1,0,40,0,1,0,1,2,1,1,0
3,24,2,0,0,0,1,0,0,1278,0,4,4,0,1,0,0,0,1,1,0,36,0,0,1,1,3,1,1,0
0,12,2,0,0,0,1,0,0,1107,0,2,2,0,1,0,0,0,2,1,0,20,0,1,0,1,3,2,1,0
0,21,2,1,0,0,0,0,0,3763,4,3,2,0,1,0,1,0,2,1,0,24,0,0,1,1,1,1,0,1
1,36,2,0,0,0,0,1,0,3711,4,2,2,0,0,1,0,0,2,0,0,27,0,0,1,1,2,1,0,0
3,15,3,0,1,0,0,0,0,3594,0,1,1,0,0,0,0,0,2,0,0,46,0,0,1,2,1,1,0,0
1,9,2,1,0,0,0,0,0,3195,4,2,1,0,0,0,0,0,2,1,0,33,0,0,1,1,1,1,0,0
3,36,3,0,0,0,1,0,0,4454,0,2,4,0,0,0,0,0,4,1,0,34,0,0,1,2,2,1,0,0
1,30,2,0,0,0,1,0,0,2991,4,4,2,0,0,0,0,0,4,0,0,25,0,0,1,1,2,1,0,0
3,11,2,0,0,0,0,0,1,2142,3,4,1,1,0,0,0,0,2,1,0,28,0,0,1,1,2,1,1,0
3,10,2,0,1,0,0,0,0,2848,1,2,1,0,1,0,1,0,2,1,0,32,0,0,1,1,2,2,0,0
3,18,4,0,0,1,0,0,0,1817,0,2,4,0,0,0,0,0,2,0,1,28,0,0,1,2,2,1,0,0
3,48,3,0,0,0,1,0,0,12749,2,3,4,0,1,0,0,0,1,0,0,37,0,0,1,1,3,1,1,0
1,12,2,1,0,0,0,0,0,2002,0,3,3,0,1,0,0,0,4,0,0,30,0,1,0,1,2,2,1,0
0,18,4,0,0,1,0,0,0,1049,0,1,4,0,0,0,0,0,4,0,0,21,0,1,0,1,2,1,0,0
3,30,2,0,0,0,1,0,0,1867,4,4,4,0,1,0,0,0,4,0,0,58,0,0,1,1,2,1,1,0
0,12,3,1,0,0,0,0,0,1344,0,2,4,0,1,0,0,0,2,1,0,43,0,0,1,2,1,2,0,0
0,24,2,0,0,1,0,0,0,1747,0,1,4,0,1,0,1,0,1,0,0,24,0,0,1,1,1,1,0,1
3,9,4,1,0,0,0,0,0,1224,0,2,3,0,1,0,0,0,1,1,0,30,0,0,1,2,2,1,0,0
3,12,4,0,0,0,1,0,0,522,2,4,4,0,1,0,0,0,4,0,0,42,0,0,1,2,2,2,1,0
0,12,2,0,0,0,1,0,0,1498,0,2,4,0,0,0,0,0,1,0,0,23,1,0,1,1,2,1,0,0
1,6,2,0,0,0,1,0,0,2063,0,1,4,0,0,1,0,0,3,0,0,30,0,1,0,1,3,1,1,0
3,24,4,0,1,0,0,0,0,6842,4,2,2,0,1,0,0,0,4,0,0,46,0,0,1,2,3,2,1,0
3,12,2,1,0,0,0,0,0,3527,4,1,2,0,1,0,0,0,3,0,0,45,0,0,1,1,3,2,1,0
3,10,2,1,0,0,0,0,0,1546,0,2,3,0,1,0,0,0,2,1,0,31,0,0,1,1,1,2,0,1
3,24,2,0,0,1,0,0,0,929,4,3,4,0,1,0,0,0,2,0,0,31,1,0,1,1,2,1,1,0
3,4,4,1,0,0,0,0,0,1455,0,3,2,0,1,0,0,0,1,1,0,42,0,0,1,3,1,2,0,0
0,15,2,0,0,1,0,0,0,1845,0,1,4,0,0,0,0,1,1,0,0,46,0,1,0,1,2,1,0,0
1,48,0,1,0,0,0,0,0,8358,2,1,1,0,0,0,0,0,1,0,0,30,0,0,1,2,2,1,0,0
3,12,2,1,0,0,0,0,0,2859,4,0,4,0,1,0,0,0,4,0,1,38,0,0,1,1,3,1,1,0
1,18,4,0,0,0,0,0,1,3590,0,0,3,0,0,1,0,0,3,0,0,40,0,0,1,3,0,2,1,0
0,12,2,1,0,0,0,0,0,1893,0,2,4,0,0,0,0,1,4,0,0,29,0,0,1,1,2,1,1,0
0,24,4,0,0,0,1,0,0,1231,3,4,4,0,0,0,0,0,4,0,0,57,0,1,0,2,3,1,1,0
2,30,4,0,0,0,1,0,0,3656,4,4,4,0,1,0,0,0,4,0,0,49,1,0,1,2,1,1,0,0
1,9,4,0,0,0,1,0,0,1154,0,4,2,0,1,0,0,0,4,1,0,37,0,0,1,3,1,1,0,0
1,24,2,0,0,1,0,0,0,3069,1,4,4,0,1,0,0,0,4,0,1,30,0,0,0,1,2,1,0,0
3,6,4,0,0,0,1,0,0,1740,0,4,2,0,0,1,0,0,2,1,0,30,0,1,0,2,2,1,0,0
1,21,3,1,0,0,0,0,0,2353,0,2,1,1,0,0,0,0,4,0,0,47,0,0,1,2,2,1,0,0
3,15,2,1,0,0,0,0,0,3556,4,2,3,0,1,0,0,0,2,0,1,29,0,0,1,1,2,1,0,0
1,6,2,0,0,0,0,0,0,454,0,1,3,0,0,1,0,0,1,0,0,22,0,0,1,1,1,1,0,0
1,30,2,0,0,0,1,0,0,1715,4,2,4,0,0,0,0,0,1,0,0,26,0,0,1,1,2,1,0,0
3,15,2,0,0,0,1,0,0,3568,0,4,4,0,0,0,0,0,2,0,0,54,1,1,0,1,3,1,1,0
3,42,2,0,0,0,1,0,0,7166,4,3,2,0,0,1,0,0,4,0,0,29,0,1,0,1,2,1,1,0
0,11,4,1,0,0,0,0,0,3939,0,2,1,0,1,0,0,0,2,1,0,40,0,0,1,2,1,2,0,0
1,15,2,0,0,0,0,0,0,1514,1,2,4,0,1,0,0,1,2,1,0,22,0,0,1,1,2,1,0,0
3,24,2,1,0,0,0,0,0,7393,0,2,1,0,1,0,0,0,4,0,0,43,0,0,1,1,1,2,0,0
3,30,4,0,0,0,1,0,0,2831,0,2,4,0,0,0,0,0,2,0,0,33,0,0,1,1,2,1,1,0
2,24,2,0,0,0,1,0,0,1258,2,2,3,0,0,0,0,0,3,0,0,57,0,0,1,1,1,1,0,0
1,6,2,0,0,0,1,0,0,753,0,2,2,0,0,0,0,1,3,1,0,64,0,0,1,1,2,1,0,0
1,18,3,0,0,0,0,0,1,2427,4,4,4,0,1,0,0,0,2,0,0,42,0,0,1,2,2,1,0,0
2,21,2,1,0,0,0,0,0,2923,1,2,1,0,0,0,0,0,1,0,0,28,1,0,1,1,3,1,1,0
3,24,4,0,0,1,0,0,0,2028,0,3,2,0,1,0,0,0,2,0,0,30,0,0,1,2,1,1,0,0
0,15,4,0,0,1,0,0,0,1433,0,2,4,0,0,0,0,0,3,0,0,25,0,1,0,2,2,1,0,0
2,42,0,0,0,0,0,0,1,6289,0,1,2,1,0,0,0,0,1,0,0,33,0,0,1,2,2,1,0,0
3,13,2,0,0,0,1,0,0,1409,1,0,2,0,0,0,0,0,4,1,0,64,0,0,1,1,2,1,0,0
0,24,2,0,1,0,0,0,0,6579,0,0,4,0,1,0,0,0,2,0,1,29,0,0,0,1,3,1,1,0
1,24,4,0,0,0,1,0,0,1743,0,4,4,0,1,0,0,0,2,0,0,48,0,0,1,2,1,1,0,0
3,12,4,0,0,0,0,1,0,3565,4,1,2,0,1,0,0,0,1,0,0,37,0,0,1,2,1,2,0,0
3,15,1,0,0,0,1,0,0,1569,1,4,4,0,1,0,0,0,4,0,0,34,1,0,1,1,1,2,0,0
0,18,2,0,0,0,1,0,0,1936,4,3,2,0,0,1,0,0,4,0,0,23,0,1,0,2,1,1,0,0
0,36,2,0,0,1,0,0,0,3959,0,0,4,0,1,0,0,0,3,0,0,30,0,0,1,1,3,1,1,0
3,12,2,1,0,0,0,0,0,2390,4,4,4,0,1,0,0,0,3,0,0,50,0,0,1,1,2,1,1,0
3,12,2,0,0,1,0,0,0,1736,0,3,3,0,0,0,0,0,4,1,0,31,0,0,1,1,1,1,0,0
0,30,2,0,1,0,0,0,0,3857,0,2,4,1,0,0,0,0,4,0,0,40,0,0,1,1,3,1,1,0
3,12,2,0,0,0,1,0,0,804,0,4,4,0,1,0,0,0,4,0,0,38,0,0,1,1,2,1,0,0
1,45,4,0,1,0,0,0,0,4576,1,0,3,0,1,0,0,0,4,0,0,27,0,0,1,1,2,1,0,0
1,48,2,0,0,0,1,0,0,5951,0,2,2,0,0,0,0,0,2,1,0,22,0,0,1,1,2,1,0,0
0,24,3,1,0,0,0,0,0,4870,0,2,3,0,1,0,0,0,4,0,1,53,0,0,0,2,2,2,0,0
1,30,4,1,0,0,0,0,0,5234,0,0,4,0,0,1,0,0,2,0,0,28,0,0,1,2,3,1,0,0
1,12,2,1,0,0,0,0,0,1295,0,1,3,0,0,0,0,0,1,0,0,25,0,1,0,1,2,1,0,0
0,48,2,0,0,0,0,0,1,4308,0,1,3,0,0,0,0,0,4,0,0,24,0,1,0,1,2,1,0,0
0,24,4,1,0,0,0,0,0,1199,0,4,4,0,1,0,0,0,4,0,0,60,0,0,1,2,1,1,0,0
0,24,2,0,0,0,1,0,0,1282,1,2,4,0,0,0,0,0,2,0,0,32,0,0,1,1,1,1,0,0
1,24,2,0,1,0,0,0,0,12579,0,4,4,0,0,0,0,0,2,0,1,44,0,0,0,1,3,1,1,0
0,60,3,0,0,0,0,0,1,6836,0,4,3,0,1,0,0,0,4,0,1,63,0,0,1,2,2,1,1,0
1,45,4,0,0,0,1,0,0,4746,0,1,4,0,1,0,0,0,2,0,0,25,0,0,1,2,1,1,0,0
2,18,2,0,0,0,1,0,0,2100,0,2,4,0,1,0,1,0,2,1,0,37,1,0,1,1,2,1,0,0
0,48,4,0,1,0,0,0,0,6143,0,4,4,0,0,0,0,0,4,0,1,58,1,0,0,2,1,1,0,0
1,36,3,1,0,0,0,0,0,2225,0,4,4,0,1,0,0,0,4,0,1,57,1,0,0,2,2,1,1,0
1,12,2,0,0,0,1,0,0,6468,4,0,2,0,1,0,0,0,1,0,1,52,0,0,1,1,3,1,1,0
0,36,4,0,0,1,0,0,0,6229,0,1,4,0,0,0,1,0,4,0,1,23,0,1,0,2,1,1,1,0
1,36,0,0,0,0,0,0,1,1953,0,4,4,0,1,0,0,0,4,0,1,61,0,0,0,1,3,1,1,0
1,48,0,0,0,0,0,0,1,14421,0,2,2,0,1,0,0,0,2,0,0,25,0,0,1,1,2,1,1,0
3,36,2,0,0,0,0,1,0,1819,0,2,4,0,1,0,0,0,4,0,1,37,1,0,0,1,2,1,1,0
0,36,2,0,0,0,0,1,0,1977,4,4,4,0,1,0,0,0,4,0,1,40,0,0,1,1,3,1,1,0
0,42,2,0,0,0,1,0,0,3965,0,1,4,0,1,0,0,0,3,0,0,34,0,0,1,1,2,1,0,0
3,24,2,0,0,0,1,0,0,5943,4,1,1,0,0,0,0,0,1,0,0,44,0,0,1,2,2,1,1,0
1,36,2,0,0,0,0,1,0,12612,1,2,1,0,1,0,0,0,4,0,1,47,0,0,0,1,2,2,1,0
0,12,0,0,0,0,0,0,0,1108,0,3,4,0,1,0,0,0,3,1,0,28,0,0,1,2,2,1,0,0
3,12,4,0,0,0,1,0,0,797,4,4,4,0,0,0,0,0,3,0,0,33,1,0,1,1,1,2,0,0
1,54,0,0,0,0,0,0,1,15945,0,1,3,0,1,0,0,0,4,0,1,58,0,1,0,1,2,1,1,0
1,24,4,0,0,0,0,0,0,11938,0,2,2,0,1,0,1,0,3,0,0,39,0,0,1,2,3,2,1,0
3,18,1,1,0,0,0,0,0,6458,0,4,2,0,1,0,0,0,4,0,1,39,1,0,1,2,3,2,1,0
3,36,4,1,0,0,0,0,0,7855,0,2,4,0,0,0,0,0,2,1,0,25,1,0,1,2,2,1,1,0
0,42,2,0,0,0,1,0,0,7174,4,3,4,0,0,0,0,0,3,0,0,30,0,0,1,1,3,1,1,0
0,33,4,0,0,1,0,0,0,4281,2,2,1,0,0,0,0,0,4,0,0,23,0,0,1,2,2,1,0,0
0,21,2,0,0,0,1,0,0,1835,0,2,3,0,0,0,0,0,2,1,0,25,0,0,1,2,2,1,1,0
1,18,2,0,0,1,0,0,0,1924,4,1,4,0,0,0,0,0,3,1,0,27,0,1,0,1,2,1,0,0
1,12,2,0,0,0,0,0,0,639,0,2,4,0,1,0,0,0,2,0,0,30,0,0,1,1,2,1,0,0
0,12,4,1,0,0,0,0,0,3499,0,2,3,0,0,0,1,0,2,1,0,29,0,0,1,2,2,1,0,0
0,36,3,0,0,0,0,1,0,6887,0,2,4,0,1,0,0,0,3,0,0,29,1,0,1,1,2,1,1,0
1,12,2,0,0,0,1,0,0,766,2,2,4,0,1,0,0,0,3,1,0,66,0,0,1,1,1,1,0,0
0,18,2,0,0,1,0,0,0,2462,0,2,2,0,1,0,0,0,2,0,0,22,0,0,1,1,2,1,0,0
0,12,2,0,0,1,0,0,0,1282,0,2,2,0,0,0,0,0,4,0,0,20,0,1,0,1,2,1,0,0
0,18,2,0,0,1,0,0,0,1131,0,0,4,0,0,0,0,0,2,0,0,33,0,0,1,1,2,1,0,0
1,24,4,0,0,0,0,0,1,1935,0,4,4,1,0,0,0,0,4,1,0,31,0,0,1,2,2,1,1,0
0,15,0,1,0,0,0,0,0,950,0,4,4,0,1,0,0,0,3,0,0,33,0,1,0,2,2,2,0,0
1,24,3,0,0,1,0,0,0,2064,0,0,3,0,0,0,0,0,2,0,0,34,0,0,1,1,3,1,1,0
0,21,3,0,0,0,0,1,0,3414,0,1,2,0,1,0,0,0,1,0,0,26,0,0,1,2,2,1,0,0
3,30,1,0,1,0,0,0,0,7485,4,0,4,0,0,0,0,0,1,1,0,53,1,0,1,1,3,1,1,0
3,36,3,0,0,0,0,0,1,9572,0,1,1,1,0,0,0,0,1,0,0,28,0,0,1,2,2,1,0,0
1,36,3,0,0,0,0,0,1,4455,0,2,2,1,0,0,0,0,2,1,0,30,1,0,1,2,3,1,1,0
0,21,1,1,0,0,0,0,0,1647,4,2,4,0,1,0,0,0,2,0,0,40,0,0,1,2,1,2,0,0
1,18,4,1,0,0,0,0,0,884,0,4,4,0,1,0,0,0,4,0,0,36,1,0,1,1,2,2,1,0
1,9,1,0,1,0,0,0,0,5129,0,4,2,0,0,0,0,0,4,0,1,74,1,0,0,1,3,2,1,0
0,12,2,0,0,0,1,0,0,674,1,3,4,0,0,1,0,0,1,0,0,20,0,0,1,1,2,1,0,0
3,24,2,0,0,0,0,0,1,4591,3,2,2,0,1,0,0,0,3,0,0,54,0,0,1,3,3,1,1,0
1,48,0,0,0,0,0,0,1,3844,1,3,4,0,1,0,0,0,4,0,1,34,0,0,0,1,1,2,0,0
1,27,2,0,0,0,0,0,1,3915,0,2,4,0,1,0,0,0,2,0,0,36,0,0,1,1,2,2,1,0
1,45,2,0,0,0,1,0,0,3031,1,2,4,0,1,0,0,1,4,0,0,21,0,1,0,1,2,1,0,0
1,9,4,0,0,0,0,1,0,1501,0,4,2,0,0,0,0,0,3,0,0,34,0,0,1,2,3,1,1,0
1,12,2,0,0,1,0,0,0,951,1,1,4,0,0,0,0,0,4,0,0,27,1,1,0,4,2,1,0,0
1,18,3,0,0,1,0,0,0,4297,0,4,4,1,0,0,0,0,3,0,1,40,0,0,1,1,3,1,1,0
0,12,2,0,0,0,0,0,0,902,0,3,4,0,0,1,0,0,4,0,0,21,0,1,0,1,2,1,0,0
0,27,0,0,0,0,0,0,1,5293,0,0,2,0,1,0,0,0,4,0,0,50,1,0,1,2,2,1,1,0
2,30,3,0,0,0,0,0,1,1908,0,4,4,0,1,0,0,0,4,1,0,66,0,0,1,1,3,1,1,0
1,48,2,0,0,0,1,0,0,10961,3,3,1,0,1,0,1,0,2,0,1,27,1,0,1,2,2,1,1,0
0,12,2,0,0,1,0,0,0,7865,0,4,4,0,1,0,0,0,4,0,1,53,0,0,0,1,3,1,1,0
3,9,2,0,0,0,1,0,0,1478,0,3,4,0,1,0,0,0,2,0,0,22,0,0,1,1,2,1,0,0
2,36,2,0,0,0,1,0,0,4210,0,2,4,0,1,0,0,0,2,0,0,26,0,0,1,1,2,1,0,0
0,24,2,0,0,0,1,0,0,1823,0,0,4,0,1,0,0,0,2,0,0,30,1,0,1,1,3,2,0,0
1,6,2,1,0,0,0,0,0,14555,4,0,1,0,1,0,0,0,2,0,0,23,0,0,1,1,0,1,1,0
1,21,2,0,0,0,0,0,1,2767,1,4,4,1,0,0,0,0,2,0,0,61,1,1,0,2,1,1,0,0
0,24,2,1,0,0,0,0,0,915,4,4,4,0,0,0,0,0,2,0,0,29,1,0,1,1,2,1,0,0
0,48,0,0,1,0,0,0,0,4605,0,4,3,0,1,0,0,0,4,0,1,24,0,0,0,2,2,2,0,0
3,18,2,0,0,0,1,0,0,433,0,0,3,0,0,0,1,0,4,1,0,22,0,1,0,1,2,1,0,0
1,30,2,1,0,0,0,0,0,2150,0,2,4,0,0,0,0,1,2,0,1,24,1,0,1,1,2,1,0,0
0,12,1,0,0,0,1,0,0,2149,0,2,4,1,0,0,0,0,1,0,1,29,0,0,0,1,2,1,0,0
1,15,2,0,0,0,1,0,0,802,0,4,4,0,1,0,0,0,3,0,0,37,0,0,1,1,2,2,0,0
0,14,2,1,0,0,0,0,0,8978,0,4,1,1,0,0,0,0,4,0,0,45,0,0,1,1,3,1,1,1
1,48,2,0,0,0,1,0,0,3060,0,3,4,0,1,0,0,0,4,1,0,28,0,0,1,2,2,1,0,0
0,30,2,0,0,0,0,0,0,11998,0,1,1,1,0,0,0,0,1,0,1,34,0,0,1,1,1,1,1,0
3,6,2,0,0,1,0,0,0,4611,0,1,1,0,0,0,0,0,4,0,0,32,0,0,1,1,2,1,0,0
0,24,3,0,0,0,1,0,0,1024,0,1,4,0,0,1,0,0,4,1,0,48,1,0,1,1,2,1,0,0
1,36,2,0,1,0,0,0,0,9398,0,1,1,0,0,1,0,0,4,0,0,28,0,1,0,1,3,1,1,0
1,48,2,0,0,1,0,0,0,9960,0,1,1,0,0,0,0,0,2,0,0,26,0,0,1,1,2,1,1,0
1,36,0,0,0,0,1,0,0,3804,0,2,4,0,0,0,0,0,1,0,0,42,0,0,1,1,2,1,1,0
2,24,4,1,0,0,0,0,0,1344,4,3,4,0,1,0,0,0,2,1,0,37,1,0,1,2,1,2,0,0
3,48,4,1,0,0,0,0,0,10127,2,2,2,0,1,0,0,0,2,0,1,44,1,0,0,1,2,1,0,0
0,12,2,0,0,0,1,0,0,727,1,1,4,0,0,1,0,0,3,0,1,33,0,0,1,1,1,1,1,0
1,8,2,0,0,1,0,0,0,1237,0,2,3,0,0,0,0,0,4,1,0,24,0,0,1,1,2,1,0,0
1,12,2,1,0,0,0,0,0,685,0,3,2,0,0,1,0,0,3,0,0,25,1,0,1,1,1,1,0,0
0,36,1,0,0,1,0,0,0,2746,0,4,4,0,1,0,0,0,4,0,0,31,1,0,1,1,2,1,0,0
1,30,4,1,0,0,0,0,0,4249,0,0,4,0,0,1,0,0,2,0,0,28,0,0,1,2,3,1,0,0
0,24,2,0,0,0,1,0,0,1938,0,1,4,1,0,0,0,0,3,0,0,32,0,0,1,1,2,1,0,0
3,18,4,0,0,0,0,1,0,1864,1,2,4,0,0,0,0,0,2,1,0,30,0,0,1,2,2,1,0,0
1,60,2,1,0,0,0,0,0,7408,1,1,4,0,0,0,0,0,2,0,0,24,0,0,1,1,3,1,0,0
3,48,4,0,1,0,0,0,0,11590,1,2,2,0,0,0,0,0,4,0,0,24,1,1,0,2,1,1,0,0
0,24,0,0,0,1,0,0,0,4110,0,4,3,0,1,0,0,0,4,0,1,23,1,1,0,2,2,2,0,0
0,6,4,0,0,1,0,0,0,3384,0,2,1,1,0,0,0,0,4,1,0,44,0,1,0,1,3,1,1,0
0,15,2,0,0,0,0,0,0,1275,4,2,4,0,0,0,0,0,2,0,0,24,0,1,0,1,2,1,0,0
1,9,4,0,0,0,0,1,0,1136,3,4,4,0,1,0,0,0,3,0,1,32,0,0,0,2,2,2,0,0
1,9,2,0,0,1,0,0,0,959,0,2,1,0,0,0,0,0,2,0,0,29,0,0,1,1,2,1,0,1
0,12,0,0,0,0,1,0,0,6199,0,2,4,0,1,0,0,0,2,0,0,28,0,1,0,2,2,1,1,0
1,24,2,1,0,0,0,0,0,1246,0,1,4,0,1,0,0,0,2,1,0,23,1,0,1,1,1,1,0,0
3,36,3,0,0,0,1,0,0,4463,0,2,4,0,1,0,0,0,2,0,0,26,0,0,1,2,3,1,1,0
0,30,2,0,0,1,0,0,0,2406,0,3,4,0,0,0,0,0,4,1,0,23,0,1,0,1,2,1,0,0
0,18,2,0,0,1,0,0,0,2473,0,0,4,0,1,0,0,0,1,0,0,25,0,0,1,1,0,1,0,0
0,36,2,0,0,1,0,0,0,3446,0,4,4,0,1,0,0,0,2,0,0,42,0,0,1,1,2,2,0,0
1,60,1,0,0,0,0,0,0,14782,1,4,3,0,0,0,0,0,4,0,1,60,1,0,0,2,3,1,1,0
0,48,1,0,0,0,0,0,1,7685,0,3,2,0,0,0,0,1,4,0,0,37,0,1,0,1,2,1,0,0
1,36,2,1,0,0,0,0,0,14318,0,4,4,0,1,0,0,0,2,0,1,57,0,0,0,1,3,1,1,0
1,18,2,0,1,0,0,0,0,12976,0,0,3,0,0,0,0,0,4,0,1,38,0,0,0,1,3,1,1,0
1,12,2,1,0,0,0,0,0,1223,0,4,1,1,0,0,0,0,1,1,0,46,0,1,0,2,2,1,0,0
3,24,3,0,0,0,0,0,1,8648,0,1,2,0,1,0,0,0,2,0,0,27,1,0,1,2,2,1,1,0
1,24,2,0,0,0,1,0,0,2039,0,1,1,0,0,1,0,0,1,0,0,22,0,0,1,1,2,1,1,0
2,12,4,1,0,0,0,0,0,939,2,3,4,0,0,1,0,0,2,1,0,28,0,0,1,3,2,1,1,0
3,12,4,0,0,0,0,0,1,2292,0,0,4,0,1,0,0,0,2,0,0,42,1,0,1,2,3,1,1,0
0,24,2,1,0,0,0,0,0,1381,4,2,4,0,0,0,0,0,2,0,0,35,0,0,1,1,2,1,0,0
0,12,2,1,0,0,0,0,0,2579,0,1,4,0,1,0,0,0,1,1,0,33,0,0,1,1,1,2,0,0
1,18,2,1,0,0,0,0,0,1042,4,2,4,0,0,0,0,0,2,0,0,33,0,0,1,1,2,1,0,0
1,12,2,0,0,1,0,0,0,2762,4,4,1,0,0,0,0,0,2,0,0,25,1,0,1,1,2,1,1,0
0,18,4,0,0,0,0,0,0,1190,0,0,2,0,0,0,0,0,4,0,1,55,0,0,0,3,0,2,0,0
1,24,2,0,0,0,0,0,0,11328,0,2,2,0,1,0,1,0,3,0,0,29,1,0,1,2,3,1,1,0
1,12,2,0,0,0,1,0,0,1484,4,2,2,0,0,1,0,0,1,1,0,25,0,0,1,1,2,1,1,0
2,12,1,0,0,0,0,0,1,609,0,1,4,0,0,0,0,0,1,1,0,26,0,0,1,1,0,1,0,0
3,12,2,0,0,0,0,1,0,719,0,4,4,0,1,0,0,0,4,0,0,41,1,0,1,1,1,2,0,0
1,48,4,0,0,1,0,0,0,5096,0,2,2,0,0,0,0,0,3,0,0,30,0,0,1,1,3,1,1,0
0,36,2,1,0,0,0,0,0,1842,0,1,4,0,0,0,0,0,4,0,0,34,0,0,1,1,2,1,1,0
1,15,3,0,0,0,0,0,0,1512,3,2,3,0,0,1,0,0,3,0,0,61,1,0,1,2,2,1,0,0
0,24,2,1,0,0,0,0,0,4817,0,3,2,0,1,0,1,0,3,0,0,31,0,0,1,1,2,1,1,0
0,12,2,0,1,0,0,0,0,3386,0,4,3,0,1,0,0,0,4,0,1,35,0,0,0,1,2,1,1,0
0,24,3,0,0,0,1,0,0,1659,0,1,4,0,0,0,0,0,2,0,0,29,0,1,0,1,1,1,1,0
1,24,2,0,0,0,1,0,0,3092,1,1,3,0,0,1,0,0,2,0,0,22,0,1,0,1,2,1,1,0
0,6,2,0,0,0,0,1,0,448,0,1,4,0,0,0,0,0,4,0,0,23,0,0,1,1,2,1,0,0
0,9,2,1,0,0,0,0,0,654,0,2,4,0,1,0,0,0,3,0,0,28,0,0,1,1,1,1,0,0
1,18,4,0,0,0,1,0,0,1245,0,2,4,0,0,1,0,0,2,0,0,33,0,0,1,1,2,1,0,0
0,18,0,0,0,1,0,0,0,3114,0,1,1,0,0,0,0,0,4,0,0,26,0,1,0,1,2,1,0,0
1,6,3,1,0,0,0,0,0,1209,0,0,4,0,1,0,0,0,4,0,0,47,0,0,1,1,3,1,1,0
1,27,0,0,0,0,0,0,1,8318,0,4,2,0,0,0,0,0,4,0,1,42,0,0,0,2,3,1,1,0
0,24,2,0,0,1,0,0,0,2996,4,2,2,0,0,1,0,0,4,0,0,20,0,0,1,1,2,1,0,0
1,36,2,0,0,1,0,0,0,9034,1,1,4,0,1,0,1,0,1,0,1,29,0,1,0,1,3,1,1,0
0,24,2,1,0,0,0,0,0,3123,0,1,4,0,0,0,0,0,1,0,0,27,0,0,1,1,2,1,0,0
1,24,4,0,0,0,1,0,0,1216,1,1,4,0,1,0,0,0,4,0,1,38,1,0,1,2,2,2,0,0
0,24,2,1,0,0,0,0,0,1207,0,1,4,0,0,0,0,0,4,0,0,24,0,1,0,1,2,1,0,0
3,10,2,1,0,0,0,0,0,1309,4,2,4,0,1,0,0,1,4,0,0,27,0,0,1,1,1,1,0,0
1,15,1,1,0,0,0,0,0,6850,1,0,1,0,1,0,0,0,2,0,0,34,0,0,1,1,3,2,1,0
0,12,2,1,0,0,0,0,0,759,0,3,4,0,1,0,0,0,2,1,0,26,0,0,1,1,2,1,0,0
3,36,4,0,0,1,0,0,0,7127,0,1,2,0,0,0,0,0,4,0,0,23,0,1,0,2,2,1,1,0
0,18,2,0,0,0,1,0,0,3190,0,2,2,0,0,0,0,0,2,1,0,24,0,0,1,1,2,1,0,0
0,48,0,0,0,1,0,0,0,7119,0,2,3,0,1,0,0,0,4,0,1,53,0,0,0,2,2,2,0,0
0,36,2,0,0,0,1,0,0,2302,0,2,4,1,0,0,0,0,4,0,0,31,0,1,0,1,2,1,0,0
1,15,2,1,0,0,0,0,0,2631,1,2,2,0,0,0,0,0,4,0,0,28,0,1,0,2,2,1,1,0
2,21,4,0,0,0,0,1,0,2319,0,1,2,1,0,0,0,0,1,0,0,33,0,1,0,1,2,1,0,0
0,48,2,1,0,0,0,0,0,7763,0,4,4,0,1,0,0,0,4,0,1,42,1,0,0,1,3,1,0,0
1,12,2,0,0,0,1,0,0,1534,0,1,1,0,0,1,0,0,1,1,0,23,0,1,0,1,2,1,0,0
0,30,2,0,0,1,0,0,0,6350,4,4,4,0,1,0,0,0,4,0,0,31,0,0,1,1,2,1,0,0
2,18,2,0,0,1,0,0,0,2864,0,2,2,0,1,0,0,0,1,1,0,34,0,0,1,1,1,2,0,0
0,24,3,1,0,0,0,0,0,1333,0,0,4,0,1,0,0,0,2,1,0,43,0,0,0,2,2,2,0,0
0,12,1,0,0,0,1,0,0,626,0,2,4,0,0,0,0,0,4,1,0,24,1,0,1,1,1,1,0,0
0,48,2,0,0,0,1,0,0,6999,0,3,1,0,0,1,0,1,1,1,0,34,0,0,1,2,2,1,1,0
1,12,2,0,0,0,1,0,0,1331,0,1,2,0,1,0,0,0,1,0,0,22,1,0,1,1,2,1,0,0
1,18,0,1,0,0,0,0,0,2278,1,1,3,0,0,0,0,0,3,0,0,28,0,0,1,2,2,1,0,0
3,21,0,1,0,0,0,0,0,5003,4,2,1,0,0,0,0,0,4,0,0,29,1,0,1,2,2,1,1,0
0,24,1,0,0,1,0,0,0,3552,0,3,3,0,1,0,0,0,4,0,0,27,1,0,1,1,2,1,0,0
1,18,4,0,0,1,0,0,0,1928,0,1,2,0,1,0,0,0,2,1,0,31,0,0,1,2,1,1,0,0
0,24,1,0,0,0,1,0,0,1546,0,3,4,0,1,0,0,1,4,0,0,24,1,1,0,1,1,1,0,0
1,36,2,1,0,0,0,0,0,12389,4,2,1,0,1,0,0,0,4,0,1,37,0,0,0,1,2,1,1,0
0,12,2,1,0,0,0,0,0,1372,0,3,2,1,0,0,0,0,3,0,0,36,0,0,1,1,2,1,0,0
0,48,2,0,0,0,1,0,0,6758,0,2,3,0,0,0,0,0,2,0,0,31,0,0,1,1,2,1,1,0
0,24,2,0,0,1,0,0,0,3234,0,1,4,0,0,0,0,0,4,1,0,23,0,1,0,1,1,1,1,0
1,36,4,1,0,0,0,0,0,2820,0,1,4,1,0,0,0,0,4,0,0,27,0,0,1,2,2,1,0,0
1,18,4,1,0,0,0,0,0,1056,0,4,3,0,1,0,0,1,3,1,0,30,1,0,1,2,2,1,0,0
1,36,2,0,0,0,0,0,0,2384,0,1,4,0,1,0,0,0,1,0,1,33,0,1,0,1,1,1,0,0
0,18,2,0,0,1,0,0,0,2039,0,2,1,0,0,0,0,0,4,1,0,20,1,1,0,1,2,1,0,0
0,18,2,0,0,0,0,0,0,1217,0,2,4,0,0,1,0,0,3,1,0,47,0,0,1,1,1,1,1,0
0,12,4,0,0,1,0,0,0,2246,0,4,3,0,1,0,0,0,3,0,0,60,0,0,1,2,2,1,0,0
1,24,2,1,0,0,0,0,0,2718,0,2,3,0,0,0,0,0,4,0,0,20,0,1,0,1,1,1,1,0
0,24,1,0,0,0,0,0,0,1358,4,4,4,0,1,0,0,0,3,0,0,40,1,0,1,1,3,1,1,0
1,6,1,1,0,0,0,0,0,931,1,1,1,0,0,0,0,0,1,0,0,32,1,0,1,1,1,1,0,0
0,24,2,1,0,0,0,0,0,1442,0,3,4,0,0,0,0,0,4,0,0,23,0,1,0,2,2,1,0,0
1,24,0,0,0,0,0,0,1,4241,0,2,1,0,1,0,0,0,4,1,0,36,0,0,1,3,1,1,1,0
3,18,4,1,0,0,0,0,0,2775,0,3,2,0,1,0,0,0,2,0,0,31,1,0,1,2,2,1,0,0
1,9,2,0,0,1,0,0,0,918,0,2,4,0,0,0,0,0,1,0,0,30,0,0,1,1,2,1,0,0
1,24,1,0,0,0,0,1,0,1837,0,3,4,0,0,0,0,0,4,0,1,34,1,0,0,1,1,1,0,0
3,36,2,0,0,1,0,0,0,3349,0,2,4,0,0,0,0,0,2,0,0,28,0,0,1,1,3,1,1,0
1,36,2,0,0,0,1,0,0,2671,1,2,4,0,0,0,1,0,4,0,1,50,0,0,0,1,2,1,0,0
0,12,2,0,0,0,0,0,0,741,1,0,4,0,0,0,0,0,3,0,0,22,0,0,1,1,2,1,0,0
2,10,2,1,0,0,0,0,0,1240,1,4,1,0,0,0,0,0,4,0,1,48,0,0,0,1,1,2,0,0
3,18,3,0,0,1,0,0,0,1808,0,3,4,0,0,0,0,0,1,1,0,22,0,0,1,1,2,1,0,0
1,30,2,0,0,1,0,0,0,3441,1,2,2,0,0,0,1,0,4,0,0,21,0,1,0,1,2,1,0,0
3,18,4,1,0,0,0,0,0,1530,0,2,3,0,1,0,0,0,2,0,0,32,1,0,1,2,2,1,0,0
3,48,2,0,0,0,0,0,1,3914,4,2,4,1,0,0,0,0,2,1,0,38,1,0,1,1,2,1,0,0
0,18,2,0,0,0,1,0,0,2600,0,2,4,0,1,0,0,0,4,0,1,65,0,0,0,2,2,1,0,0
1,9,1,1,0,0,0,0,0,1437,1,3,2,0,1,0,0,0,3,0,1,29,0,0,1,1,2,1,0,0
0,18,1,0,0,1,0,0,0,1553,0,2,4,0,1,0,0,0,3,0,0,44,1,0,1,1,2,1,0,0
3,9,2,0,0,1,0,0,0,1980,0,1,2,0,0,0,1,0,2,0,0,19,0,1,0,2,2,1,0,0
1,24,2,1,0,0,0,0,0,1355,0,1,3,0,0,0,0,0,4,0,0,25,0,0,1,1,1,1,1,0
0,42,3,0,0,0,1,0,0,4370,0,3,3,0,1,0,0,0,2,0,0,26,1,0,1,2,2,2,1,0
0,18,2,0,0,0,0,1,0,750,0,0,4,0,0,0,0,0,1,1,0,27,0,0,1,1,0,1,0,0
3,15,2,0,0,0,0,1,0,4623,1,2,3,0,1,0,0,0,2,0,0,40,0,0,1,1,3,1,1,0
3,36,3,0,0,0,0,0,1,7980,4,1,4,0,1,0,0,0,4,0,0,27,0,1,0,2,2,1,1,0
3,12,2,1,0,0,0,0,0,1386,2,2,2,0,0,0,0,0,2,0,0,26,0,0,1,1,2,1,0,0
2,24,2,1,0,0,0,0,0,947,0,3,4,0,1,0,0,0,3,0,1,38,1,0,0,1,2,2,0,0
0,12,2,0,0,0,0,1,0,684,0,2,4,0,1,0,0,0,4,0,0,40,0,1,0,1,1,2,0,0
1,12,2,0,0,1,0,0,0,1922,0,2,4,0,1,0,0,0,2,0,0,37,0,0,1,1,1,1,0,0
0,24,2,1,0,0,0,0,0,2303,0,4,4,0,1,0,1,0,1,1,0,45,0,0,1,1,2,1,0,0
1,36,3,1,0,0,0,0,0,8086,1,4,2,0,1,0,0,0,4,0,0,42,0,0,1,4,3,1,1,0
1,12,2,1,0,0,0,0,0,888,0,4,4,0,1,0,0,0,4,0,0,41,1,0,1,1,1,2,0,0
0,12,2,1,0,0,0,0,0,900,4,2,4,0,0,1,0,0,2,0,0,23,0,0,1,1,2,1,0,0
0,12,4,1,0,0,0,0,0,4843,0,4,3,0,1,0,1,0,4,0,0,43,0,1,0,2,2,1,1,0
3,21,3,0,0,0,0,0,1,2580,2,1,4,0,1,0,0,0,2,1,0,41,1,0,1,1,1,2,0,0
1,72,2,0,0,0,1,0,0,5595,1,2,2,0,0,1,0,0,2,0,0,24,0,0,1,1,2,1,0,0
3,12,2,0,0,1,0,0,0,1123,2,2,4,0,0,0,0,0,4,0,0,29,0,1,0,1,1,1,0,0
0,48,4,0,1,0,0,0,0,6331,0,4,4,0,1,0,0,0,4,0,1,46,0,0,0,2,2,1,1,0
1,48,2,1,0,0,0,0,0,6560,1,3,3,0,1,0,0,0,2,0,0,24,0,0,1,1,2,1,0,0
1,12,0,0,0,1,0,0,0,2969,0,1,4,0,0,0,0,0,3,0,0,25,0,1,0,2,2,1,0,0
0,6,1,0,0,0,0,1,0,1198,0,4,4,0,0,0,0,0,4,0,1,35,0,0,0,1,2,1,0,0
1,60,2,1,0,0,0,0,0,14027,0,3,4,0,1,0,0,0,2,0,1,27,0,0,1,1,3,1,1,0
2,9,0,0,0,0,1,0,0,1337,0,1,4,0,1,0,0,0,2,0,0,34,0,0,1,2,3,1,1,0
1,6,1,0,0,0,0,1,0,433,3,1,4,0,0,0,0,0,2,0,0,24,1,1,0,1,2,2,0,0
0,12,2,1,0,0,0,0,0,1228,0,2,4,0,0,0,0,0,2,1,0,24,0,0,1,1,1,1,0,0
3,27,2,1,0,0,0,0,0,2570,0,2,3,0,0,0,0,0,3,1,0,21,0,1,0,1,2,1,0,0
0,18,2,0,0,0,1,0,0,1882,0,2,4,0,0,0,0,0,4,0,0,25,1,1,0,2,2,1,0,0
1,48,1,0,0,0,0,0,1,6416,0,4,4,0,0,0,0,0,3,0,1,59,0,1,0,1,2,1,0,0
0,24,2,0,0,0,1,0,0,1987,0,2,2,0,1,0,0,0,4,1,0,21,0,1,0,1,1,2,0,0
1,24,2,0,1,0,0,0,0,11560,0,2,1,0,0,0,0,0,4,0,0,23,0,1,0,2,3,1,0,0
1,30,0,0,0,0,0,0,1,4280,1,2,4,0,0,0,0,0,4,0,0,26,0,1,0,2,1,1,0,0
0,12,2,1,0,0,0,0,0,1274,0,1,3,0,0,0,0,0,1,1,0,37,0,0,1,1,1,1,0,0
0,18,2,1,0,0,0,0,0,976,0,1,1,0,0,0,0,0,2,0,0,23,0,0,1,1,1,1,0,0
3,12,3,0,0,0,0,0,0,1555,3,4,4,0,1,0,0,0,4,0,1,55,0,0,0,2,2,2,0,0
0,24,2,1,0,0,0,0,0,1285,4,3,4,0,0,0,0,0,4,0,1,32,0,1,0,1,2,1,0,0
2,15,4,0,0,0,1,0,0,1271,4,2,3,0,1,0,0,0,4,0,1,39,0,0,0,2,2,1,1,0
0,12,4,1,0,0,0,0,0,691,0,4,4,0,1,0,0,0,3,0,0,35,0,0,1,2,2,1,0,0
0,18,4,0,0,1,0,0,0,2124,0,2,4,0,0,0,0,0,4,1,0,24,0,1,0,2,2,1,0,0
3,21,4,1,0,0,0,0,0,12680,4,4,4,0,1,0,0,0,4,0,1,30,0,0,0,1,3,1,1,0
0,30,2,0,0,1,0,0,0,3108,0,1,2,1,0,0,0,0,4,0,0,31,0,0,1,1,1,1,0,0
0,36,4,0,0,0,0,1,0,8065,0,2,3,0,0,0,0,0,2,0,1,25,0,0,1,2,3,1,1,0
0,24,2,1,0,0,0,0,0,1371,4,2,4,0,0,0,0,0,4,1,0,25,0,1,0,1,2,1,0,0
1,39,4,0,0,0,1,0,0,4933,0,3,2,0,1,0,0,1,2,1,0,25,0,0,1,2,2,1,0,0
1,12,2,1,0,0,0,0,0,836,1,1,4,0,0,0,0,0,2,0,0,23,1,0,1,1,1,1,0,0
1,48,3,0,0,0,0,1,0,6224,0,4,4,0,1,0,0,0,4,0,1,50,0,0,0,1,2,1,0,0
0,40,4,0,0,0,0,1,0,5998,0,2,4,0,1,0,0,0,3,0,1,27,1,0,1,1,2,1,1,0
1,21,2,0,0,0,0,0,1,1188,0,4,2,0,0,0,0,0,4,0,0,39,0,0,1,1,2,2,0,0
0,18,2,0,1,0,0,0,0,7511,4,4,1,0,1,0,0,0,4,0,0,51,0,0,0,1,2,2,1,0
0,36,2,1,0,0,0,0,0,9271,0,3,2,0,1,0,0,0,1,0,0,24,0,0,1,1,2,1,1,0
1,15,0,1,0,0,0,0,0,1778,0,1,2,0,0,0,0,0,1,1,0,26,0,1,0,2,0,1,0,0
0,36,4,0,1,0,0,0,0,9629,0,3,4,0,1,0,0,0,4,0,0,24,0,0,1,2,2,1,1,0
0,48,2,0,0,0,0,0,0,3051,0,2,3,0,1,0,0,0,4,0,0,54,0,0,1,1,2,1,0,0
0,48,2,1,0,0,0,0,0,3931,0,3,4,0,1,0,0,0,4,0,1,46,0,0,0,1,2,2,0,0
0,18,2,0,0,0,1,0,0,1345,0,2,4,0,0,1,0,0,3,1,0,26,1,0,1,1,2,1,0,0
0,36,2,0,0,1,0,0,0,2712,0,4,2,0,1,0,0,0,2,0,0,41,1,0,1,1,2,2,0,0
0,18,4,1,0,0,0,0,0,3966,0,4,1,0,0,0,0,0,4,1,0,33,1,1,0,3,2,1,1,0
3,18,0,0,0,0,0,0,1,4165,0,2,2,0,1,0,0,0,2,0,0,36,1,0,1,2,2,2,0,0
0,36,2,0,1,0,0,0,0,8335,4,4,3,0,1,0,0,0,4,0,1,47,0,0,0,1,2,1,0,0
0,18,2,1,0,0,0,0,0,1216,0,1,4,0,0,0,0,0,3,0,0,23,0,1,0,1,2,1,1,0
0,45,0,0,0,0,0,0,1,11816,0,4,2,0,1,0,0,0,4,0,0,29,0,1,0,2,2,1,0,0
2,15,2,0,0,0,1,0,0,2327,0,1,2,0,0,0,0,0,3,1,0,25,0,0,1,1,1,1,0,0
0,12,0,1,0,0,0,0,0,1082,0,2,4,0,1,0,0,0,4,0,0,48,1,0,1,2,2,1,0,0
0,36,2,0,0,1,0,0,0,5179,0,3,4,0,1,0,0,0,2,0,0,29,0,0,1,1,2,1,0,0
3,18,2,0,0,0,0,0,0,1943,0,1,4,0,0,0,0,0,4,1,0,23,0,0,1,1,2,1,0,0
3,18,2,1,0,0,0,0,0,6761,4,2,2,0,1,0,0,0,4,0,0,68,0,1,0,2,2,1,0,0
0,12,2,0,0,0,1,0,0,709,0,4,4,0,1,0,0,0,4,1,0,57,1,0,1,1,1,1,0,0
0,20,4,1,0,0,0,0,0,2235,0,2,4,0,0,1,0,1,2,0,0,33,1,1,0,2,2,1,0,1
0,18,1,1,0,0,0,0,0,1442,0,3,4,0,1,0,0,0,4,0,1,32,0,0,0,2,1,2,0,0
0,15,2,1,0,0,0,0,0,3959,0,2,3,0,0,0,0,0,2,0,0,29,0,0,1,1,2,1,1,0
3,18,3,0,0,0,0,0,1,2169,0,2,4,0,0,1,0,0,2,0,0,28,0,0,1,1,2,1,1,0
0,24,2,0,0,0,1,0,0,2439,0,1,4,0,0,0,0,0,4,1,0,35,0,0,1,1,2,1,1,0
3,10,2,0,0,1,0,0,0,2210,0,2,2,0,1,0,0,0,2,1,0,25,1,1,0,1,1,1,0,0
0,9,2,1,0,0,0,0,0,1422,0,1,3,0,1,0,0,0,2,0,1,27,0,0,0,1,3,1,1,0
1,24,2,0,0,1,0,0,0,4057,0,3,3,1,0,0,0,0,3,0,0,43,0,0,1,1,2,1,1,0
0,12,2,0,0,0,0,1,0,795,0,1,4,0,0,0,0,0,4,0,0,53,0,0,1,1,2,1,0,0
1,48,2,0,0,0,0,0,1,15672,0,2,2,0,1,0,0,0,2,0,0,23,0,0,1,1,2,1,1,0
0,18,2,0,0,1,0,0,0,4153,0,2,2,0,1,0,1,0,3,0,0,42,0,0,1,1,2,1,0,0
0,16,4,1,0,0,0,0,0,2625,0,4,2,0,1,0,0,1,4,0,0,43,1,1,0,1,2,1,1,0
1,24,4,0,0,1,0,0,0,4736,0,1,2,0,0,0,0,0,4,0,0,25,1,0,1,1,1,1,0,0
0,24,1,0,0,0,0,0,1,3161,0,2,4,0,1,0,0,0,2,0,0,31,0,1,0,1,2,1,1,0
1,48,0,0,0,0,0,0,0,18424,0,2,1,0,0,0,0,0,2,0,0,32,1,0,1,1,3,1,1,1
0,6,2,1,0,0,0,0,0,14896,0,4,1,0,1,0,0,0,4,0,1,68,1,0,1,1,3,1,1,0
0,24,2,0,0,1,0,0,0,2359,1,0,1,1,0,0,0,0,1,0,0,33,0,0,1,1,2,1,0,0
0,24,2,0,0,1,0,0,0,3345,0,4,4,0,1,0,0,0,2,0,0,39,0,1,0,1,3,1,1,0
0,9,2,0,0,0,1,0,0,1366,0,1,3,0,0,0,0,0,4,0,0,22,0,1,0,1,2,1,0,0
0,24,1,0,0,1,0,0,0,6872,0,1,2,1,0,0,0,0,1,0,0,55,1,0,1,1,2,1,1,0
0,12,1,1,0,0,0,0,0,697,0,1,4,0,1,0,0,0,2,0,0,46,1,0,1,2,2,1,1,0
0,48,2,0,1,0,0,0,0,10297,0,3,4,0,1,0,0,0,4,0,1,39,1,0,0,3,2,2,1,0
1,9,2,0,0,0,1,0,0,1670,0,1,4,0,0,0,0,0,2,0,0,22,0,0,1,1,2,1,1,0
1,30,3,0,0,0,1,0,0,1919,1,1,4,0,1,0,0,0,3,0,1,30,1,0,1,2,3,1,0,0
2,9,2,0,0,0,1,0,0,745,0,2,3,0,0,0,0,0,2,1,0,28,0,0,1,1,1,1,0,0
1,60,2,0,0,0,0,1,0,6288,0,2,4,0,1,0,0,0,4,0,1,42,0,0,0,1,2,1,0,0
0,24,1,0,0,1,0,0,0,3349,2,1,4,0,1,0,0,0,4,0,1,30,0,0,0,1,2,2,1,0
3,18,2,0,0,1,0,0,0,1533,0,1,4,0,0,1,1,0,1,0,0,43,0,0,1,1,1,2,0,0
3,24,2,0,0,0,1,0,0,3621,1,4,2,0,1,0,0,0,4,0,0,31,0,0,1,2,2,1,0,0
0,36,3,0,0,0,0,0,1,2145,0,3,2,0,1,0,0,0,1,0,0,24,0,0,1,2,2,1,1,0
1,24,2,0,1,0,0,0,0,4113,2,1,3,0,0,0,0,0,4,0,0,28,0,1,0,1,2,1,0,0
3,36,2,0,0,1,0,0,0,10974,0,0,4,0,0,0,0,0,2,0,0,26,0,0,1,2,3,1,1,0
0,28,2,1,0,0,0,0,0,4006,0,2,3,0,1,0,0,0,2,0,0,45,0,0,1,1,1,1,0,0
3,24,2,0,0,0,1,0,0,2397,2,4,3,0,1,0,0,0,2,0,0,35,1,0,1,2,2,1,1,0
1,27,4,0,0,0,1,0,0,2520,2,2,4,0,1,0,0,0,2,0,0,23,0,0,1,2,1,1,0,0
0,24,1,1,0,0,0,0,0,1193,0,0,1,0,0,0,1,0,4,0,1,29,0,1,0,2,0,1,0,0
0,60,2,0,0,0,0,0,1,7297,0,4,4,0,1,0,1,0,4,0,1,36,0,1,0,1,2,1,0,0
3,24,3,1,0,0,0,0,0,2538,0,4,4,0,1,0,0,0,4,0,0,47,0,0,1,2,1,2,0,0
1,15,1,1,0,0,0,0,0,1264,1,2,2,0,0,1,0,0,2,0,0,25,0,1,0,1,2,1,0,0
1,30,4,0,0,1,0,0,0,8386,0,3,2,0,1,0,0,0,2,0,0,49,0,0,1,1,2,1,0,0
3,48,2,0,0,0,0,0,1,4844,0,0,3,0,1,0,0,0,2,0,0,33,1,1,0,1,3,1,1,0
0,36,2,0,1,0,0,0,0,8229,0,2,2,0,1,0,0,0,2,0,0,26,0,0,1,1,2,2,0,0
0,45,2,0,0,0,1,0,0,1845,0,2,4,0,1,0,0,0,4,0,1,23,0,0,0,1,2,1,1,0
